County,State,FIPS Code,Vehicles / 5sqmi
Pike,KY,21,25 - 50
Mercer,KY,21,25 - 50
Benton,IN,18,10 - 25
Adair,OK,40,0 - 10
Delaware,IA,19,10 - 25
Navarro,TX,48,10 - 25
Arapahoe,CO,8,200 - 300
Marion,SC,45,10 - 25
Franklin,NY,36,10 - 25
Brunswick,NC,37,25 - 50
Lawrence,KY,21,10 - 25
Miami,OH,39,100 - 200
Monroe,KY,21,10 - 25
Charles Mix,SD,46,0 - 10
Howard,MD,24,200 - 300
Muhlenberg,KY,21,25 - 50
Gooding,ID,16,0 - 10
Prairie,MT,30,0 - 2
Williamsburg,VA,51,200 - 300
Catron,NM,35,0 - 2
Cass,NE,31,25 - 50
Cherokee,GA,13,100 - 200
Butler,PA,42,100 - 200
Cottonwood,MN,27,10 - 25
Madison,NY,36,25 - 50
Leslie,KY,21,10 - 25
Gibson,TN,47,25 - 50
Polk,IA,19,300 - 400
Appanoose,IA,19,10 - 25
Jackson,TN,47,10 - 25
Jefferson,OK,40,2 - 5
Howard,TX,48,10 - 25
Lamar,MS,28,10 - 100
Lawrence,AR,5,10 - 25
Kershaw,SC,45,25 - 50
Coke,TX,48,0 - 2
Herkimer,NY,36,10 - 25
Isabella,MI,26,10 - 100
Van Wert,OH,39,25 - 50
Yolo,CA,6,25 - 50
Calhoun,SC,45,10 - 25
Pontotoc,MS,28,25 - 50
Morgan,CO,8,10 - 25
Montgomery,TN,47,100 - 200
St. Clair,IL,17,100 - 200
Fentress,TN,47,10 - 25
Jim Wells,TX,48,25 - 50
Sheboygan,WI,55,25 - 50
Dent,MO,29,0 - 10
Chester,SC,45,10 - 25
Ottawa,MI,26,10 - 100
Kosciusko,IN,18,10 - 100
Newport News,VA,51,300 - 400
Carbon,WY,56,0 - 2
Genesee,MI,26,300 - 400
Jenkins,GA,13,0 - 10
Tulare,CA,6,10 - 25
Macoupin,IL,17,25 - 50
Treasure,MT,30,0 - 2
Gilmer,GA,13,25 - 50
Johnson,KS,20,400 - 500
Brown,KS,20,0 - 10
Scott,AR,5,2 - 5
Chilton,AL,1,25 - 50
St. Lucie,FL,12,100 - 200
Houston,MN,27,10 - 25
Hart,KY,21,10 - 25
Madison,AL,1,100 - 200
Ionia,MI,26,10 - 100
Cheboygan,MI,26,10 - 25
Yadkin,NC,37,25 - 50
Yalobusha,MS,28,10 - 25
Forest,PA,42,2 - 5
Gosper,NE,31,2 - 5
Bienville,LA,22,0 - 10
Nobles,MN,27,10 - 25
Webster,WV,54,0 - 10
Clay,AR,5,10 - 25
Berkshire,MA,25,25 - 50
Becker,MN,27,10 - 25
Botetourt,VA,51,25 - 50
Sagadahoc,ME,23,25 - 50
Cooper,MO,29,10 - 25
Pemiscot,MO,29,10 - 25
Nicholas,KY,21,10 - 25
Garfield,CO,8,0 - 10
Lee,NC,37,10 - 100
Windham,VT,50,10 - 25
Van Zandt,TX,48,25 - 50
Bledsoe,TN,47,10 - 25
Worcester,MA,25,100 - 200
Knox,ME,23,10 - 25
Roanoke,VA,51,100 - 200
Roanoke,VA,51,10 - 100
Westchester,NY,36,400 - 500
Grady,GA,13,10 - 25
Sussex,DE,10,10 - 100
Clearwater,MN,27,0 - 10
Barren,KY,21,25 - 50
Cass,MO,29,10 - 100
Putnam,NY,36,100 - 200
Sunflower,MS,28,10 - 25
Camden,MO,29,25 - 50
Wilson,TN,47,10 - 100
Long,GA,13,10 - 25
Inyo,CA,6,0 - 2
District of Columbia,DC,11,1000 - 1500
Finney,KS,20,10 - 25
Baker,OR,41,0 - 2
Stanley,SD,46,0 - 2
Buchanan,VA,51,10 - 25
Seneca,OH,39,25 - 50
Middlesex,MA,25,400 - 500
Zapata,TX,48,0 - 10
Blaine,ID,16,2 - 5
Walworth,WI,55,10 - 100
Black Hawk,IA,19,100 - 200
Benton,MS,28,0 - 10
Hinds,MS,28,100 - 200
Zavala,TX,48,2 - 5
Harvey,KS,20,25 - 50
Calhoun,AL,1,10 - 100
Chippewa,MI,26,0 - 10
O'Brien,IA,19,10 - 25
Early,GA,13,10 - 25
Clay,MS,28,10 - 25
Oldham,TX,48,0 - 2
Austin,TX,48,25 - 50
Gaines,TX,48,0 - 10
Ransom,ND,38,2 - 5
Costilla,CO,8,0 - 2
Motley,TX,48,0 - 2
Barton,MO,29,0 - 10
Taylor,FL,12,0 - 10
Geary,KS,20,25 - 50
Huron,OH,39,10 - 100
Live Oak,TX,48,0 - 10
Whitfield,GA,13,100 - 200
Wakulla,FL,12,10 - 25
St. Francis,AR,5,10 - 25
Lackawanna,PA,42,100 - 200
Huntington,IN,18,25 - 50
Silver Bow,MT,30,10 - 25
Hardy,WV,54,0 - 10
Bradley,AR,5,0 - 10
Faulkner,AR,5,10 - 100
Sumter,GA,13,10 - 25
Barbour,WV,54,10 - 25
North Slope,AK,2,0 - 2
Winnebago,WI,55,100 - 200
Wright,MO,29,10 - 25
Walton,GA,13,100 - 200
Darlington,SC,45,10 - 100
Ashland,OH,39,10 - 100
Calhoun,MS,28,10 - 25
Banner,NE,31,0 - 2
Carbon,UT,49,0 - 10
Twiggs,GA,13,0 - 10
Haskell,TX,48,2 - 5
Douglas,GA,13,200 - 300
Greene,PA,42,25 - 50
Pondera,MT,30,0 - 2
Decatur,KS,20,0 - 2
Westmoreland,VA,51,25 - 50
Lake,CA,6,10 - 25
Roane,TN,47,25 - 50
Logan,WV,54,25 - 50
Saginaw,MI,26,100 - 200
Greene,IA,19,10 - 25
Pope,IL,17,2 - 5
Hempstead,AR,5,10 - 25
Hawaii,HI,15,0 - 10
Williamson,IL,17,10 - 100
Lincoln,WV,54,10 - 25
Barry,MI,26,10 - 100
Luce,MI,26,0 - 2
White,IN,18,25 - 50
Washington,OR,41,100 - 200
York,NE,31,10 - 25
Iberville,LA,22,10 - 25
Maverick,TX,48,10 - 25
Nuckolls,NE,31,0 - 10
Webster,LA,22,25 - 50
Maries,MO,29,0 - 10
Bowman,ND,38,0 - 2
Lincoln,KY,21,25 - 50
Walsh,ND,38,0 - 10
Andrews,TX,48,0 - 10
Polk,FL,12,100 - 200
Douglas,NE,31,400 - 800
Dade,MO,29,0 - 10
Ouachita,LA,22,100 - 200
Glacier,MT,30,0 - 2
Collin,TX,48,300 - 400
Jackson,CO,8,0 - 2
Knott,KY,21,10 - 25
Radford,VA,51,300 - 400
Manistee,MI,26,10 - 25
Ogle,IL,17,25 - 50
Clinch,GA,13,2 - 5
Madison,LA,22,0 - 10
Dale,AL,1,25 - 50
Otero,NM,35,2 - 5
Marshall,MS,28,10 - 25
Lewis,KY,21,0 - 10
Faribault,MN,27,10 - 25
Columbia,WI,55,25 - 50
Morgan,IN,18,10 - 100
Livingston,NY,36,25 - 50
Crane,TX,48,2 - 5
Sumter,FL,12,10 - 100
Simpson,MS,28,10 - 25
Gladwin,MI,26,25 - 50
Madison,MS,28,10 - 100
Boise,ID,16,0 - 2
Platte,WY,56,0 - 2
Lincoln,LA,22,25 - 50
Hall,GA,13,100 - 200
Wetzel,WV,54,10 - 25
Aiken,SC,45,10 - 100
Jefferson,AR,5,25 - 50
Grant,WA,53,10 - 25
Freestone,TX,48,10 - 25
Bandera,TX,48,10 - 25
Renville,MN,27,10 - 25
Schenectady,NY,36,100 - 200
Morton,KS,20,2 - 5
Clarke,AL,1,10 - 25
St. Mary's,MD,24,25 - 50
Greenbrier,WV,54,10 - 25
Suwannee,FL,12,25 - 50
Livingston,IL,17,10 - 25
Putnam,IL,17,10 - 25
Tarrant,TX,48,800 - 1200
Monroe,AL,1,10 - 25
Berkeley,SC,45,10 - 100
McDowell,WV,54,10 - 25
Marion,IA,19,25 - 50
Vernon,WI,55,10 - 25
Union,MS,28,25 - 50
Marion,GA,13,0 - 10
Hale,TX,48,10 - 25
Knox,TN,47,200 - 300
Pointe Coupee,LA,22,10 - 25
Niagara,NY,36,10 - 100
Stutsman,ND,38,0 - 10
Gloucester,VA,51,10 - 100
Beltrami,MN,27,0 - 10
Berks,PA,42,100 - 200
Brown,OH,39,25 - 50
Roosevelt,MT,30,2 - 5
Hemphill,TX,48,2 - 5
Alleghany,VA,51,10 - 25
Carter,MO,29,2 - 5
Hancock,IN,18,100 - 200
Hot Springs,WY,56,0 - 2
Liberty,GA,13,25 - 50
Clarendon,SC,45,10 - 25
Currituck,NC,37,10 - 25
Dubois,IN,18,10 - 100
Weld,CO,8,25 - 50
Jackson,WV,54,25 - 50
Hudson,NJ,34,1000 - 1500
Ford,KS,20,10 - 25
Dorchester,SC,45,100 - 200
Teton,ID,16,0 - 10
Little River,AR,5,10 - 25
Woodson,KS,20,2 - 5
Henderson,KY,21,25 - 50
King,TX,48,0 - 2
Lee,TX,48,10 - 25
DeKalb,MO,29,10 - 25
Danville,VA,51,200 - 300
Henry,OH,39,25 - 50
Cullman,AL,1,10 - 100
Lee,KY,21,10 - 25
Yates,NY,36,25 - 50
Del Norte,CA,6,2 - 5
Lake,MN,27,0 - 2
Warren,IL,17,10 - 25
Langlade,WI,55,10 - 25
Baldwin,AL,1,25 - 50
Lea,NM,35,0 - 10
Spencer,IN,18,25 - 50
Turner,GA,13,10 - 25
Piatt,IL,17,10 - 25
Franklin,TN,47,25 - 50
Fort Bend,TX,48,200 - 300
Dodge,MN,27,25 - 50
Brantley,GA,13,10 - 25
Richland,OH,39,100 - 200
Itasca,MN,27,10 - 25
Woods,OK,40,2 - 5
Blount,TN,47,10 - 100
Hillsborough,FL,12,200 - 300
Dickinson,IA,19,25 - 50
Plymouth,IA,19,10 - 25
Roosevelt,NM,35,2 - 5
Wayne,TN,47,0 - 10
Perry,AR,5,0 - 10
Beckham,OK,40,10 - 25
Corson,SD,46,0 - 2
St. Lawrence,NY,36,10 - 25
Haakon,SD,46,0 - 2
Clinton,IA,19,25 - 50
Coffee,AL,1,25 - 50
Mercer,NJ,34,400 - 500
Dane,WI,55,100 - 200
Lowndes,MS,28,10 - 100
Craven,NC,37,25 - 50
Wolfe,KY,21,10 - 25
La Paz,AZ,4,0 - 2
Carter,TN,47,25 - 50
Antrim,MI,26,10 - 25
Jones,TX,48,0 - 10
Hardin,TX,48,25 - 50
Saline,AR,5,10 - 100
DuPage,IL,17,800 - 1200
Alexander,NC,37,25 - 50
Nantucket,MA,25,25 - 50
Essex,NY,36,0 - 10
Warren,IN,18,10 - 25
Stark,ND,38,10 - 25
Big Stone,MN,27,0 - 10
Grant,WV,54,0 - 10
Sutter,CA,6,25 - 50
Missaukee,MI,26,10 - 25
Jasper,IA,19,25 - 50
Trinity,CA,6,0 - 2
Cleveland,OK,40,100 - 200
Meade,SD,46,2 - 5
Hutchinson,SD,46,0 - 10
McPherson,SD,46,0 - 2
San Patricio,TX,48,10 - 100
Garfield,UT,49,0 - 2
Kootenai,ID,16,25 - 50
Waldo,ME,23,10 - 25
Delta,CO,8,0 - 10
Somerset,PA,42,25 - 50
Blair,PA,42,10 - 100
Richmond,VA,51,10 - 25
Richmond,VA,51,100 - 200
Hamilton,TX,48,0 - 10
Columbia,OR,41,10 - 25
Grayson,KY,21,10 - 25
Florence,SC,45,10 - 100
Ford,IL,17,10 - 25
Rock,MN,27,10 - 25
Caroline,VA,51,10 - 25
Lee,GA,13,25 - 50
Elbert,GA,13,10 - 25
Sullivan,PA,42,0 - 10
Norfolk,VA,51,400 - 800
Green,KY,21,10 - 25
Wright,IA,19,10 - 25
Linn,OR,41,10 - 25
Somerset,NJ,34,200 - 300
Carroll,VA,51,10 - 25
Bay,FL,12,10 - 100
Lincoln,NC,37,10 - 100
Cheyenne,NE,31,0 - 10
Rice,KS,20,0 - 10
Todd,SD,46,0 - 2
Kemper,MS,28,0 - 10
Adair,MO,29,10 - 25
Oxford,ME,23,0 - 10
Lafayette,AR,5,0 - 10
Maui,HI,15,10 - 25
Harrison,WV,54,10 - 100
Montgomery,IL,17,10 - 25
Lawrence,MS,28,10 - 25
Hidalgo,NM,35,0 - 2
Morgan,KY,21,10 - 25
Caddo,LA,22,100 - 200
Ellsworth,KS,20,0 - 10
Traverse,MN,27,0 - 10
Oneida,ID,16,0 - 2
Calhoun,WV,54,0 - 10
Wharton,TX,48,10 - 25
Emery,UT,49,0 - 2
Lincoln,NV,32,0 - 2
Cowley,KS,20,10 - 25
Graham,KS,20,0 - 2
Franklin,PA,42,10 - 100
Lincoln,MS,28,25 - 50
Beaver,UT,49,0 - 2
Moffat,CO,8,0 - 2
Cape May,NJ,34,10 - 100
Harris,GA,13,25 - 50
Jefferson,KY,21,400 - 800
Orange,NY,36,100 - 200
Pennington,SD,46,10 - 25
Crook,WY,56,0 - 2
Armstrong,PA,42,10 - 100
Franklin,OH,39,400 - 800
Ouachita,AR,5,10 - 25
Otsego,NY,36,10 - 25
Los Angeles,CA,6,200 - 300
Boyle,KY,21,10 - 100
Sumter,SC,45,10 - 100
Pennington,MN,27,10 - 25
Loudoun,VA,51,100 - 200
Pinellas,FL,12,400 - 500
Coconino,AZ,4,0 - 2
Brunswick,VA,51,10 - 25
Mitchell,TX,48,2 - 5
Johnson,IA,19,10 - 100
Calumet,WI,55,10 - 100
Lincoln,AR,5,0 - 10
Watonwan,MN,27,10 - 25
Green,WI,55,25 - 50
Oliver,ND,38,0 - 2
Dickson,TN,47,25 - 50
Lawrence,MO,29,25 - 50
Leake,MS,28,10 - 25
Seminole,GA,13,10 - 25
Cloud,KS,20,0 - 10
Alachua,FL,12,10 - 100
Carlisle,KY,21,10 - 25
Josephine,OR,41,10 - 25
Hamilton,KS,20,0 - 2
Newton,MS,28,10 - 25
Snohomish,WA,53,10 - 100
Talbot,GA,13,0 - 10
Broadwater,MT,30,0 - 2
Madison,IA,19,10 - 25
Mississippi,MO,29,10 - 25
Middlesex,NJ,34,400 - 500
Shelby,MO,29,0 - 10
Brown,TX,48,10 - 25
Highlands,FL,12,25 - 50
Pendleton,KY,21,10 - 25
Powell,KY,21,25 - 50
Buffalo,NE,31,25 - 50
San Miguel,NM,35,0 - 2
Madison,TN,47,10 - 100
Sharkey,MS,28,0 - 10
Tensas,LA,22,2 - 5
Borden,TX,48,0 - 2
Maury,TN,47,10 - 100
Roger Mills,OK,40,2 - 5
Lampasas,TX,48,10 - 25
Dakota,MN,27,300 - 400
Amherst,VA,51,10 - 25
Huerfano,CO,8,0 - 2
Colfax,NE,31,10 - 25
Essex,NJ,34,1000 - 1500
Wise,VA,51,25 - 50
Edgefield,SC,45,10 - 25
Hopkins,TX,48,10 - 25
Alexandria,VA,51,1500 - 2000
Smith,KS,20,2 - 5
Pike,IL,17,10 - 25
Allendale,SC,45,0 - 10
Butte,ID,16,0 - 2
Fulton,NY,36,25 - 50
Washington,IA,19,10 - 25
Norman,MN,27,0 - 10
Richmond,NC,37,25 - 50
Wexford,MI,26,25 - 50
McKean,PA,42,10 - 25
Dorchester,MD,24,0 - 10
Johnson,TX,48,100 - 200
Lane,OR,41,10 - 25
Washington,MD,24,10 - 100
Chautauqua,KS,20,2 - 5
Garvin,OK,40,10 - 25
Harrison,IA,19,10 - 25
Hawkins,TN,47,25 - 50
Hamilton,NE,31,10 - 25
Nacogdoches,TX,48,25 - 50
Crawford,AR,5,25 - 50
Jasper,IN,18,25 - 50
Rawlins,KS,20,0 - 2
Pocahontas,WV,54,2 - 5
Esmeralda,NV,32,0 - 2
Bannock,ID,16,10 - 25
Linn,IA,19,100 - 200
Sheridan,KS,20,2 - 5
Frederick,VA,51,10 - 100
Mono,CA,6,0 - 2
Crockett,TN,47,25 - 50
Cook,MN,27,0 - 2
Platte,MO,29,10 - 100
Atoka,OK,40,0 - 10
Republic,KS,20,0 - 10
Charlton,GA,13,2 - 5
Edmunds,SD,46,2 - 5
Hettinger,ND,38,0 - 2
Pleasants,WV,54,10 - 25
Perry,IL,17,10 - 25
Osage,OK,40,0 - 10
New Madrid,MO,29,10 - 25
Concordia,LA,22,10 - 25
Rockwall,TX,48,200 - 300
Cerro Gordo,IA,19,25 - 50
Marinette,WI,55,10 - 25
Skamania,WA,53,0 - 2
Rockingham,NH,33,100 - 200
Hoke,NC,37,25 - 50
Eagle,CO,8,10 - 25
Graham,AZ,4,2 - 5
Johnson,IL,17,10 - 25
Hill,MT,30,2 - 5
Murray,MN,27,0 - 10
Wayne,OH,39,10 - 100
Clark,NV,32,10 - 100
Greenville,SC,45,200 - 300
Baker,GA,13,2 - 5
Klamath,OR,41,2 - 5
Union,IL,17,10 - 25
Chautauqua,NY,36,25 - 50
Rains,TX,48,10 - 25
Canadian,OK,40,10 - 100
Lake,FL,12,10 - 100
Carson,TX,48,2 - 5
Wabash,IN,18,25 - 50
Crittenden,KY,21,10 - 25
Cape Girardeau,MO,29,10 - 100
Webster,MS,28,10 - 25
Ottawa,KS,20,2 - 5
Anson,NC,37,10 - 25
Knox,IN,18,25 - 50
Pickett,TN,47,10 - 25
Grant,LA,22,10 - 25
Adams,WI,55,10 - 25
Santa Rosa,FL,12,10 - 100
Hancock,GA,13,0 - 10
Cabarrus,NC,37,100 - 200
DeWitt,TX,48,10 - 25
Ochiltree,TX,48,0 - 10
Paulding,OH,39,25 - 50
Clay,KS,20,0 - 10
Seneca,NY,36,25 - 50
Fayette,TN,47,25 - 50
Union,TN,47,25 - 50
Bacon,GA,13,10 - 25
Marshall,OK,40,10 - 25
Indiana,PA,42,25 - 50
New Hanover,NC,37,200 - 300
St. Bernard,LA,22,0 - 10
Montgomery,PA,42,400 - 800
Morgan,AL,1,10 - 100
Kenedy,TX,48,0 - 2
Putnam,MO,29,2 - 5
Ada,ID,16,100 - 200
LaPorte,IN,18,10 - 100
Tazewell,IL,17,100 - 200
Carroll,IN,18,25 - 50
Wayne,IL,17,10 - 25
Trinity,TX,48,0 - 10
Bronx,NY,36,1000 - 1500
Young,TX,48,10 - 25
San Luis Obispo,CA,6,10 - 25
Marin,CA,6,25 - 50
Dakota,NE,31,25 - 50
Pushmataha,OK,40,2 - 5
Wake,NC,37,300 - 400
West Feliciana,LA,22,10 - 25
Carroll,GA,13,10 - 100
Goochland,VA,51,25 - 50
Morris,KS,20,2 - 5
Deaf Smith,TX,48,0 - 10
Coweta,GA,13,100 - 200
Sumter,AL,1,0 - 10
Pacific,WA,53,2 - 5
Jerome,ID,16,10 - 25
Morgan,OH,39,10 - 25
Sierra,NM,35,0 - 2
Aroostook,ME,23,2 - 5
Yellow Medicine,MN,27,10 - 25
Camp,TX,48,25 - 50
Geauga,OH,39,100 - 200
Putnam,TN,47,10 - 100
Hidalgo,TX,48,100 - 200
Aransas,TX,48,25 - 50
New York,NY,36,2000 - 2500
Lincoln,WI,55,10 - 25
Olmsted,MN,27,100 - 200
Grant,WI,55,25 - 50
Lehigh,PA,42,200 - 300
Walton,FL,12,10 - 25
Natchitoches,LA,22,10 - 25
Scotts Bluff,NE,31,25 - 50
Perry,OH,39,25 - 50
Campbell,TN,47,25 - 50
Phelps,MO,29,25 - 50
Johnson,IN,18,100 - 200
Sussex,VA,51,0 - 10
Rogers,OK,40,10 - 100
Clarke,IA,19,10 - 25
Elko,NV,32,0 - 2
Stone,MS,28,10 - 25
Kay,OK,40,10 - 25
Colusa,CA,6,0 - 10
Mineral,NV,32,0 - 2
Hopewell,VA,51,400 - 800
Franklin,NE,31,2 - 5
Madison,NC,37,10 - 25
Siskiyou,CA,6,0 - 2
Middlesex,CT,9,100 - 200
Grant,MN,27,0 - 10
Iron,UT,49,2 - 5
Decatur,TN,47,10 - 25
Ogemaw,MI,26,10 - 25
Dallas,AL,1,10 - 25
Douglas,OR,41,0 - 10
Merrick,NE,31,10 - 25
Sedgwick,KS,20,200 - 300
Monroe,IA,19,10 - 25
Mahaska,IA,19,10 - 25
Morgan,IL,17,25 - 50
Jefferson,ID,16,10 - 25
Camden,NC,37,10 - 25
Kent,RI,44,200 - 300
Winnebago,IL,17,200 - 300
Fisher,TX,48,2 - 5
Morrison,MN,27,10 - 25
Otsego,MI,26,25 - 50
Mahnomen,MN,27,2 - 5
Jackson,KY,21,10 - 25
Choctaw,OK,40,0 - 10
Benton,MO,29,10 - 25
Prince Edward,VA,51,10 - 25
Lawrence,IN,18,25 - 50
Waushara,WI,55,10 - 25
Madison,ID,16,10 - 25
Mayes,OK,40,10 - 25
Lamoille,VT,50,10 - 25
Socorro,NM,35,0 - 2
Hardin,IA,19,10 - 25
Atchison,KS,20,10 - 25
Schoolcraft,MI,26,2 - 5
Raleigh,WV,54,10 - 100
Macomb,MI,26,800 - 1200
Liberty,TX,48,25 - 50
Ringgold,IA,19,0 - 10
Woodbury,IA,19,10 - 100
Yuba,CA,6,10 - 25
Webster,IA,19,25 - 50
Rutland,VT,50,10 - 25
Floyd,KY,21,25 - 50
Davidson,NC,37,10 - 100
Stephens,OK,40,25 - 50
Sweet Grass,MT,30,0 - 2
Southampton,VA,51,10 - 25
Lauderdale,TN,47,10 - 25
Clay,IL,17,10 - 25
Jefferson,NY,36,25 - 50
Johnson,TN,47,10 - 25
Lake of the Woods,MN,27,0 - 2
Marengo,AL,1,10 - 25
Millard,UT,49,0 - 2
Covington,VA,51,400 - 500
Bertie,NC,37,10 - 25
Valley,NE,31,0 - 10
Lassen,CA,6,0 - 2
Larimer,CO,8,25 - 50
McPherson,KS,20,10 - 25
Concho,TX,48,0 - 2
Overton,TN,47,10 - 25
Dewey,SD,46,0 - 2
Kandiyohi,MN,27,25 - 50
Prince of Wales-Hyder,AK,2,0 - 2
Lake,IN,18,300 - 400
Medina,TX,48,10 - 25
Edgar,IL,17,10 - 25
Lancaster,PA,42,100 - 200
Hayes,NE,31,0 - 2
Jackson,MN,27,10 - 25
Wheeler,TX,48,0 - 10
Washington,FL,12,10 - 25
Todd,MN,27,10 - 25
Amite,MS,28,0 - 10
Hardee,FL,12,10 - 25
Moody,SD,46,0 - 10
Charlotte,VA,51,10 - 25
Saunders,NE,31,10 - 25
Rich,UT,49,0 - 2
Cedar,NE,31,0 - 10
Butler,KS,20,10 - 25
Fulton,PA,42,10 - 25
Lake,MT,30,0 - 10
Coffee,GA,13,25 - 50
Walker,TX,48,25 - 50
Davis,IA,19,0 - 10
Douglas,WI,55,10 - 25
Catahoula,LA,22,0 - 10
Iberia,LA,22,25 - 50
James City,VA,51,100 - 200
Summers,WV,54,10 - 25
Perry,AL,1,2 - 5
Gray,KS,20,0 - 10
Flagler,FL,12,10 - 100
Waynesboro,VA,51,400 - 500
Marshall,IL,17,10 - 25
Wilson,TX,48,25 - 50
Pottawattamie,IA,19,25 - 50
Shawnee,KS,20,100 - 200
Wilson,NC,37,10 - 100
Fayette,IA,19,10 - 25
Thurston,WA,53,10 - 100
Miller,MO,29,10 - 25
Morrill,NE,31,0 - 2
Adams,NE,31,25 - 50
Pulaski,MO,29,25 - 50
Pottawatomie,OK,40,25 - 50
Franklin,ID,16,0 - 10
Lee,VA,51,10 - 25
Metcalfe,KY,21,10 - 25
Lee,AL,1,10 - 100
Coos,OR,41,0 - 10
Clay,KY,21,10 - 25
Alamosa,CO,8,0 - 10
Bleckley,GA,13,10 - 25
Franklin,IA,19,10 - 25
Allegan,MI,26,25 - 50
Powell,MT,30,0 - 2
Cass,MN,27,0 - 10
San Diego,CA,6,100 - 200
Rock,WI,55,100 - 200
Mineral,WV,54,25 - 50
Stark,IL,17,10 - 25
Pottawatomie,KS,20,10 - 25
Gratiot,MI,26,25 - 50
San Miguel,CO,8,2 - 5
McDuffie,GA,13,25 - 50
Otoe,NE,31,10 - 25
Turner,SD,46,0 - 10
Noble,OK,40,0 - 10
Cumberland,IL,17,10 - 25
Marion,AR,5,10 - 25
St. Joseph,MI,26,10 - 100
San Benito,CA,6,10 - 25
Kent,DE,10,10 - 100
Barry,MO,29,10 - 25
Morgan,GA,13,25 - 50
Genesee,NY,36,10 - 100
Chittenden,VT,50,10 - 100
Wayne,MO,29,0 - 10
Dillon,SC,45,25 - 50
Scotland,NC,37,25 - 50
Perry,MS,28,0 - 10
Stanton,NE,31,0 - 10
McCone,MT,30,0 - 2
Stafford,KS,20,2 - 5
Cameron,LA,22,0 - 2
Sheridan,NE,31,0 - 2
Racine,WI,55,100 - 200
Walker,GA,13,10 - 100
Hale,AL,1,10 - 25
Presidio,TX,48,0 - 2
Charleston,SC,45,100 - 200
Meigs,OH,39,10 - 25
Audrain,MO,29,10 - 25
Warren,GA,13,0 - 10
Chenango,NY,36,10 - 25
Buchanan,IA,19,10 - 25
Faulk,SD,46,0 - 2
Tazewell,VA,51,25 - 50
Montezuma,CO,8,0 - 10
Cherokee,SC,45,25 - 50
Dillingham,AK,2,0 - 2
Lamb,TX,48,0 - 10
Jefferson Davis,LA,22,10 - 25
Logan,OK,40,25 - 50
Gentry,MO,29,0 - 10
Nolan,TX,48,0 - 10
Lafayette,MO,29,25 - 50
Utah,UT,49,10 - 100
Okanogan,WA,53,2 - 5
Horry,SC,45,100 - 200
Oldham,KY,21,100 - 200
Delta,MI,26,10 - 25
Bingham,ID,16,0 - 10
Garrard,KY,21,25 - 50
Graves,KY,21,25 - 50
Harlan,NE,31,2 - 5
Warren,OH,39,200 - 300
Dunklin,MO,29,25 - 50
Tuscaloosa,AL,1,10 - 100
Dallas,TX,48,1000 - 1500
Berrien,MI,26,25 - 50
Catoosa,GA,13,100 - 200
Swisher,TX,48,2 - 5
Hickman,KY,21,0 - 10
Brazos,TX,48,100 - 200
Craighead,AR,5,10 - 100
Morris,NJ,34,300 - 400
McHenry,IL,17,200 - 300
Aurora,SD,46,2 - 5
Hancock,MS,28,25 - 50
Madison,IL,17,100 - 200
Greene,MS,28,0 - 10
Bedford,PA,42,10 - 25
Fredericksburg,VA,51,400 - 800
Archer,TX,48,0 - 10
Taos,NM,35,2 - 5
Gogebic,MI,26,2 - 5
Hooker,NE,31,0 - 2
Hansford,TX,48,2 - 5
Salt Lake,UT,49,300 - 400
Ketchikan Gateway,AK,2,0 - 2
Dawson,GA,13,25 - 50
Lancaster,NE,31,100 - 200
Lancaster,SC,45,10 - 100
Humphreys,MS,28,0 - 10
Billings,ND,38,0 - 2
Lincoln,MT,30,0 - 2
Jasper,GA,13,10 - 25
Schuyler,MO,29,0 - 10
Miller,GA,13,10 - 25
Elk,KS,20,0 - 2
Irwin,GA,13,10 - 25
Adams,WA,53,2 - 5
Columbia,WA,53,0 - 2
Custer,NE,31,2 - 5
Lee,SC,45,10 - 25
Muscatine,IA,19,10 - 100
Jefferson,MO,29,100 - 200
Chouteau,MT,30,0 - 2
Gallatin,KY,21,25 - 50
Jefferson,WI,55,10 - 100
Pamlico,NC,37,0 - 10
Lee,IA,19,25 - 50
Tipton,TN,47,10 - 100
Susquehanna,PA,42,10 - 25
Pawnee,OK,40,10 - 25
Grays Harbor,WA,53,0 - 10
Monterey,CA,6,10 - 25
Chambers,TX,48,25 - 50
Bristol,MA,25,200 - 300
San Juan,NM,35,0 - 10
Hardin,KY,21,10 - 100
Baker,FL,12,10 - 25
Jackson,FL,12,10 - 25
Henry,VA,51,25 - 50
Rockingham,VA,51,25 - 50
Franklin,KS,20,10 - 25
Perry,TN,47,0 - 10
Delaware,OH,39,100 - 200
Grand Isle,VT,50,10 - 25
Barton,KS,20,10 - 25
Red River,LA,22,10 - 25
Bailey,TX,48,0 - 10
Titus,TX,48,25 - 50
Meeker,MN,27,10 - 25
Choctaw,AL,1,0 - 10
Branch,MI,26,25 - 50
Polk,TN,47,10 - 25
Union,GA,13,25 - 50
Clinton,OH,39,25 - 50
Bonner,ID,16,0 - 10
Gwinnett,GA,13,400 - 800
Dooly,GA,13,10 - 25
Houghton,MI,26,10 - 25
Highland,OH,39,25 - 50
Berrien,GA,13,10 - 25
Walthall,MS,28,10 - 25
Knox,KY,21,25 - 50
Brookings,SD,46,10 - 25
Louisa,IA,19,10 - 25
San Mateo,CA,6,100 - 200
Douglas,SD,46,0 - 10
Cotton,OK,40,2 - 5
La Salle,TX,48,2 - 5
Las Animas,CO,8,0 - 2
Lawrence,SD,46,10 - 25
Candler,GA,13,10 - 25
Custer,CO,8,2 - 5
Shelby,IL,17,10 - 25
Union,FL,12,10 - 25
Mineral,CO,8,0 - 2
Orleans,NY,36,10 - 25
Scott,MS,28,10 - 25
San Jacinto,TX,48,10 - 25
Morton,ND,38,0 - 10
Blue Earth,MN,27,25 - 50
Montgomery,MO,29,10 - 25
Litchfield,CT,9,10 - 100
Wayne,IN,18,10 - 100
Merrimack,NH,33,10 - 100
Coahoma,MS,28,10 - 25
Taylor,GA,13,0 - 10
Allen,LA,22,10 - 25
Belknap,NH,33,10 - 100
Harrison,TX,48,25 - 50
Monroe,OH,39,10 - 25
Milam,TX,48,10 - 25
Cache,UT,49,25 - 50
Robertson,KY,21,0 - 10
Apache,AZ,4,2 - 5
Lapeer,MI,26,10 - 100
Jo Daviess,IL,17,10 - 25
Logan,KS,20,2 - 5
Kennebec,ME,23,25 - 50
Washington,VA,51,25 - 50
Washington,AR,5,10 - 100
Pawnee,KS,20,2 - 5
Crosby,TX,48,2 - 5
De Baca,NM,35,0 - 2
Caldwell,NC,37,25 - 50
Harrison,IN,18,25 - 50
Vigo,IN,18,10 - 100
Collier,FL,12,25 - 50
Clay,TX,48,2 - 5
Iredell,NC,37,100 - 200
Jackson,MS,28,10 - 100
Stonewall,TX,48,0 - 2
Allen,IN,18,200 - 300
Holmes,MS,28,10 - 25
Dickinson,MI,26,10 - 25
Covington,MS,28,25 - 50
Santa Cruz,AZ,4,10 - 25
Huntingdon,PA,42,10 - 25
Greer,OK,40,2 - 5
St. Clair,MI,26,100 - 200
Yazoo,MS,28,10 - 25
Hamblen,TN,47,100 - 200
Rapides,LA,22,25 - 50
Monroe,FL,12,0 - 10
Washington,VT,50,25 - 50
Forsyth,GA,13,300 - 400
Cedar,MO,29,10 - 25
Surry,NC,37,10 - 100
Texas,MO,29,0 - 10
Osage,KS,20,10 - 25
Jefferson,NE,31,0 - 10
Fleming,KY,21,10 - 25
Trimble,KY,21,10 - 25
Jack,TX,48,2 - 5
Buena Vista,VA,51,200 - 300
Lincoln,CO,8,0 - 2
Ellis,KS,20,10 - 25
Madison,NE,31,25 - 50
Hughes,SD,46,10 - 25
Benson,ND,38,0 - 2
Cass,IN,18,25 - 50
Montgomery,GA,13,10 - 25
Doniphan,KS,20,10 - 25
Dubuque,IA,19,10 - 100
Randolph,WV,54,10 - 25
McLean,KY,21,10 - 25
Harris,TX,48,800 - 1200
Hyde,SD,46,0 - 2
Griggs,ND,38,2 - 5
Juniata,PA,42,10 - 25
Hunterdon,NJ,34,10 - 100
Hardeman,TX,48,2 - 5
Avoyelles,LA,22,10 - 25
Hoonah-Angoon,AK,2,0 - 2
Laclede,MO,29,25 - 50
Duval,TX,48,2 - 5
Fairfield,OH,39,100 - 200
Gasconade,MO,29,10 - 25
Drew,AR,5,10 - 25
Loving,TX,48,0 - 2
Creek,OK,40,25 - 50
Wicomico,MD,24,10 - 100
Adams,ND,38,0 - 2
Palo Pinto,TX,48,10 - 25
Orangeburg,SC,45,25 - 50
Sanders,MT,30,0 - 2
Warren,VA,51,10 - 100
Clark,KY,21,10 - 100
Caldwell,KY,21,10 - 25
Pocahontas,IA,19,0 - 10
San Bernardino,CA,6,10 - 25
Lowndes,AL,1,0 - 10
Andrew,MO,29,10 - 25
Weber,UT,49,100 - 200
Braxton,WV,54,10 - 25
Duval,FL,12,200 - 300
Elbert,CO,8,0 - 10
Custer,ID,16,0 - 2
Scott,TN,47,10 - 25
Bracken,KY,21,10 - 25
Stevens,KS,20,0 - 10
Newberry,SC,45,25 - 50
Ziebach,SD,46,0 - 2
Union,PA,42,25 - 50
Franklin,FL,12,2 - 5
Cumberland,VA,51,10 - 25
Harding,NM,35,0 - 2
Lake,OR,41,0 - 2
Terrell,GA,13,10 - 25
Angelina,TX,48,25 - 50
Van Buren,IA,19,0 - 10
Tompkins,NY,36,25 - 50
Fremont,IA,19,0 - 10
Mahoning,OH,39,200 - 300
Harrison,MS,28,10 - 100
Kalawao,HI,15,0 - 2
King William,VA,51,25 - 50
Lafayette,WI,55,10 - 25
Asotin,WA,53,0 - 10
Jackson,TX,48,10 - 25
Mille Lacs,MN,27,10 - 25
Chicot,AR,5,0 - 10
Winchester,VA,51,400 - 800
Cass,IA,19,10 - 25
Comanche,KS,20,0 - 2
Towner,ND,38,0 - 2
Chatham,GA,13,100 - 200
White Pine,NV,32,0 - 2
Cannon,TN,47,10 - 25
Troup,GA,13,25 - 50
Wayne,KY,21,10 - 25
Randolph,NC,37,10 - 100
Okfuskee,OK,40,0 - 10
Sanborn,SD,46,2 - 5
Reeves,TX,48,2 - 5
Chemung,NY,36,10 - 100
Woodford,IL,17,25 - 50
Chesapeake,VA,51,200 - 300
Allegany,MD,24,25 - 50
McLennan,TX,48,100 - 200
Clarke,VA,51,25 - 50
McCormick,SC,45,0 - 10
Madison,VA,51,10 - 25
Surry,VA,51,0 - 10
Franklin,VT,50,25 - 50
Sac,IA,19,10 - 25
Magoffin,KY,21,10 - 25
Montour,PA,42,10 - 100
Cheatham,TN,47,10 - 100
Holt,NE,31,2 - 5
Burke,NC,37,25 - 50
Carroll,KY,21,25 - 50
White,AR,5,25 - 50
Hays,TX,48,100 - 200
Lewis,ID,16,2 - 5
Washita,OK,40,0 - 10
Henry,KY,21,10 - 25
Grundy,IL,17,10 - 100
McIntosh,OK,40,10 - 25
Bibb,GA,13,100 - 200
Calhoun,FL,12,0 - 10
Bell,KY,21,10 - 25
Dodge,NE,31,25 - 50
Robeson,NC,37,25 - 50
Cecil,MD,24,10 - 100
Ottawa,OK,40,10 - 25
Upson,GA,13,25 - 50
Cherokee,TX,48,10 - 25
Dixon,NE,31,0 - 10
Northampton,PA,42,200 - 300
Maricopa,AZ,4,100 - 200
Clermont,OH,39,100 - 200
Sullivan,NH,33,25 - 50
Mingo,WV,54,25 - 50
Caddo,OK,40,0 - 10
Grand,UT,49,0 - 2
Lamar,TX,48,25 - 50
Chippewa,WI,55,25 - 50
Desha,AR,5,0 - 10
Williamsburg,SC,45,10 - 25
Antelope,NE,31,0 - 10
Washington,OH,39,25 - 50
Dinwiddie,VA,51,10 - 25
Harrisonburg,VA,51,400 - 800
Clay,GA,13,0 - 10
Eddy,NM,35,0 - 10
Boone,NE,31,0 - 10
Yankton,SD,46,25 - 50
Sumner,KS,20,0 - 10
Clarke,GA,13,200 - 300
Fairfield,SC,45,10 - 25
Stewart,GA,13,2 - 5
Campbell,KY,21,100 - 200
Fresno,CA,6,25 - 50
Stephenson,IL,17,25 - 50
Rosebud,MT,30,0 - 2
Brown,IL,17,10 - 25
Lee,AR,5,0 - 10
St. Charles,LA,22,10 - 100
West Baton Rouge,LA,22,10 - 100
Nowata,OK,40,0 - 10
Ballard,KY,21,10 - 25
Newton,MO,29,25 - 50
Lycoming,PA,42,25 - 50
Bulloch,GA,13,25 - 50
Sibley,MN,27,10 - 25
Calvert,MD,24,100 - 200
Phillips,AR,5,10 - 25
Cassia,ID,16,2 - 5
Camden,GA,13,10 - 25
Van Buren,MI,26,25 - 50
Robertson,TN,47,10 - 100
Peoria,IL,17,100 - 200
Mills,TX,48,2 - 5
Benton,TN,47,10 - 25
Columbia,GA,13,100 - 200
Miami,IN,18,25 - 50
Franklin,MO,29,10 - 100
Jefferson,IN,18,25 - 50
Macon,AL,1,10 - 25
McKenzie,ND,38,2 - 5
Ste. Genevieve,MO,29,10 - 25
Clearwater,ID,16,0 - 2
Carroll,IA,19,25 - 50
Copiah,MS,28,10 - 25
Talladega,AL,1,25 - 50
Floyd,GA,13,10 - 100
Phillips,CO,8,2 - 5
Greene,NY,36,25 - 50
Brown,NE,31,0 - 2
Ocean,NJ,34,100 - 200
Pulaski,VA,51,25 - 50
Nye,NV,32,0 - 2
Stoddard,MO,29,10 - 25
Perry,KY,21,25 - 50
Nelson,KY,21,25 - 50
Sheridan,MT,30,0 - 2
Clark,WI,55,10 - 25
Prentiss,MS,28,10 - 25
Okaloosa,FL,12,10 - 100
Montrose,CO,8,0 - 10
San Augustine,TX,48,0 - 10
Tillamook,OR,41,0 - 10
Winona,MN,27,25 - 50
Union,AR,5,10 - 25
Prince George,VA,51,25 - 50
Essex,VA,51,10 - 25
Grayson,TX,48,10 - 100
Winkler,TX,48,0 - 10
Lake,OH,39,10 - 100
Robertson,TX,48,10 - 25
Mifflin,PA,42,25 - 50
Osceola,FL,12,10 - 100
Giles,TN,47,10 - 25
Prince George's,MD,24,400 - 500
Iron,WI,55,2 - 5
Rutherford,TN,47,100 - 200
Trousdale,TN,47,25 - 50
Oneida,WI,55,10 - 25
Stillwater,MT,30,2 - 5
Dearborn,IN,18,10 - 100
Glascock,GA,13,0 - 10
Washington,IN,18,10 - 25
Yakutat,AK,2,0 - 2
Anderson,KY,21,25 - 50
Lauderdale,AL,1,10 - 100
Bourbon,KS,20,0 - 10
Vermilion,LA,22,10 - 25
Queen Anne's,MD,24,25 - 50
Fayette,IL,17,10 - 25
Jim Hogg,TX,48,0 - 2
Yoakum,TX,48,0 - 10
Lafourche,LA,22,25 - 50
Grimes,TX,48,10 - 25
Greene,OH,39,100 - 200
Bastrop,TX,48,10 - 100
Franklin,IL,17,25 - 50
Davison,SD,46,25 - 50
Fallon,MT,30,0 - 2
Carroll,MS,28,0 - 10
Newport,RI,44,10 - 100
Bartow,GA,13,10 - 100
Washington,CO,8,0 - 2
Franklin,AL,1,10 - 25
Volusia,FL,12,100 - 200
Gordon,GA,13,10 - 100
Northumberland,VA,51,10 - 25
Chowan,NC,37,25 - 50
Deschutes,OR,41,10 - 25
Bath,VA,51,0 - 2
Appling,GA,13,10 - 25
Hendry,FL,12,10 - 25
Auglaize,OH,39,10 - 100
Unicoi,TN,47,25 - 50
Arthur,NE,31,0 - 2
Butte,CA,6,10 - 25
Nez Perce,ID,16,10 - 25
Cochise,AZ,4,0 - 10
Washington,LA,22,25 - 50
Johnston,OK,40,0 - 10
Blaine,MT,30,0 - 2
Terry,TX,48,0 - 10
Grundy,IA,19,10 - 25
Cass,ND,38,10 - 100
Hanover,VA,51,10 - 100
Crawford,OH,39,25 - 50
Spokane,WA,53,10 - 100
Banks,GA,13,25 - 50
Gunnison,CO,8,0 - 2
Scott,KS,20,0 - 10
Russell,AL,1,25 - 50
Delaware,NY,36,10 - 25
Dimmit,TX,48,2 - 5
Lake,TN,47,10 - 25
Hickory,MO,29,0 - 10
Sublette,WY,56,0 - 2
Houston,TX,48,0 - 10
Adams,IL,17,25 - 50
Fergus,MT,30,0 - 2
Starr,TX,48,10 - 25
Claiborne,LA,22,0 - 10
Park,MT,30,2 - 5
Rush,KS,20,2 - 5
Marshall,TN,47,25 - 50
Clinton,IL,17,25 - 50
Somervell,TX,48,10 - 25
Montgomery,OH,39,300 - 400
Power,ID,16,0 - 2
Christian,KY,21,25 - 50
Ozaukee,WI,55,25 - 50
Galveston,TX,48,100 - 200
Salem,VA,51,400 - 800
Baylor,TX,48,0 - 2
Porter,IN,18,100 - 200
Eureka,NV,32,0 - 2
Franklin,ME,23,0 - 10
Sebastian,AR,5,10 - 100
Dauphin,PA,42,100 - 200
Casey,KY,21,10 - 25
Keweenaw,MI,26,0 - 2
Kearny,KS,20,2 - 5
Franklin,IN,18,25 - 50
Marion,WV,54,10 - 100
DeKalb,IL,17,10 - 100
Baraga,MI,26,2 - 5
Tunica,MS,28,10 - 25
Cedar,IA,19,10 - 25
Marion,TX,48,10 - 25
Rensselaer,NY,36,10 - 100
Fayette,KY,21,200 - 300
Henderson,TX,48,25 - 50
Seward,KS,20,10 - 25
Pitt,NC,37,10 - 100
Giles,VA,51,10 - 25
Snyder,PA,42,25 - 50
Wright,MN,27,100 - 200
Tuscola,MI,26,25 - 50
Washington,MO,29,10 - 25
Lyon,KS,20,10 - 25
Towns,GA,13,25 - 50
Pendleton,WV,54,2 - 5
East Feliciana,LA,22,10 - 25
Assumption,LA,22,25 - 50
Crawford,GA,13,10 - 25
Scioto,OH,39,10 - 100
Orange,CA,6,400 - 800
Santa Cruz,CA,6,10 - 100
Lincoln,KS,20,0 - 2
Lincoln,TN,47,25 - 50
Tangipahoa,LA,22,10 - 100
Nicollet,MN,27,25 - 50
Mercer,OH,39,10 - 100
Door,WI,55,0 - 10
Chariton,MO,29,0 - 10
Hancock,TN,47,0 - 10
Medina,OH,39,100 - 200
LaGrange,IN,18,25 - 50
Latimer,OK,40,0 - 10
Miller,AR,5,25 - 50
Ontario,NY,36,10 - 100
Perkins,NE,31,0 - 2
Bates,MO,29,0 - 10
East Baton Rouge,LA,22,300 - 400
Hickman,TN,47,10 - 25
Martin,IN,18,10 - 25
Portage,WI,55,25 - 50
Buena Vista,IA,19,10 - 25
Haskell,OK,40,10 - 25
Roscommon,MI,26,25 - 50
Pinal,AZ,4,10 - 25
Sussex,NJ,34,10 - 100
Kings,NY,36,1500 - 2000
Cuyahoga,OH,39,300 - 400
Gadsden,FL,12,25 - 50
Phillips,MT,30,0 - 2
Jersey,IL,17,25 - 50
Jackson,IA,19,10 - 25
Stephens,GA,13,10 - 100
Cattaraugus,NY,36,25 - 50
Jewell,KS,20,0 - 2
Greenlee,AZ,4,0 - 2
Hot Spring,AR,5,25 - 50
Jeff Davis,TX,48,0 - 2
Butler,AL,1,10 - 25
Carver,MN,27,100 - 200
Webster,KY,21,10 - 25
Posey,IN,18,25 - 50
Mason,MI,26,10 - 25
Ohio,WV,54,100 - 200
Polk,GA,13,25 - 50
Mecklenburg,NC,37,400 - 500
Strafford,NH,33,100 - 200
Onondaga,NY,36,200 - 300
Brooke,WV,54,10 - 100
Lubbock,TX,48,100 - 200
Falls Church,VA,51,1000 - 1500
Spartanburg,SC,45,100 - 200
Chattooga,GA,13,25 - 50
Cimarron,OK,40,0 - 2
Modoc,CA,6,0 - 2
Lac qui Parle,MN,27,0 - 10
Kimble,TX,48,0 - 2
Shelby,TN,47,300 - 400
Washington,UT,49,10 - 25
Marshall,WV,54,25 - 50
Harney,OR,41,0 - 2
Marion,KS,20,0 - 10
Goodhue,MN,27,25 - 50
Cherokee,IA,19,10 - 25
Lawrence,IL,17,10 - 25
Potter,SD,46,0 - 2
Vernon,MO,29,10 - 25
Holt,MO,29,0 - 10
Hill,TX,48,10 - 25
Powhatan,VA,51,25 - 50
Neshoba,MS,28,10 - 25
Scott,MN,27,100 - 200
Washington,ID,16,0 - 2
Ector,TX,48,100 - 200
Union,NM,35,0 - 2
Mesa,CO,8,10 - 25
Napa,CA,6,25 - 50
Lyon,KY,21,10 - 25
Adair,KY,21,10 - 25
Thomas,GA,13,25 - 50
Boulder,CO,8,10 - 100
East Carroll,LA,22,0 - 10
Vermilion,IL,17,25 - 50
Jasper,IL,17,10 - 25
Onslow,NC,37,10 - 100
Paulding,GA,13,100 - 200
Northampton,VA,51,0 - 10
Sharp,AR,5,10 - 25
Fountain,IN,18,10 - 25
Moore,TN,47,10 - 25
Alpena,MI,26,10 - 25
Twin Falls,ID,16,10 - 25
Nevada,CA,6,10 - 25
Dallas,MO,29,10 - 25
Marion,MS,28,10 - 25
Teller,CO,8,10 - 25
Isanti,MN,27,10 - 100
Union,NJ,34,1000 - 1500
Juneau,WI,55,10 - 25
Refugio,TX,48,0 - 10
Effingham,IL,17,25 - 50
Meigs,TN,47,10 - 25
Clearfield,PA,42,25 - 50
Sarasota,FL,12,100 - 200
Crawford,MO,29,10 - 25
Howard,AR,5,10 - 25
Worth,GA,13,10 - 25
Codington,SD,46,25 - 50
Grenada,MS,28,10 - 25
Charlevoix,MI,26,10 - 25
Oconto,WI,55,10 - 25
Greenwood,SC,45,10 - 100
Camas,ID,16,0 - 2
Greene,NC,37,10 - 25
Rusk,TX,48,25 - 50
Page,IA,19,10 - 25
Wabash,IL,17,25 - 50
Keith,NE,31,0 - 10
Seminole,FL,12,300 - 400
Windsor,VT,50,10 - 25
Cherokee,AL,1,10 - 25
Mercer,WV,54,10 - 100
Taylor,IA,19,0 - 10
Cherokee,NC,37,10 - 25
Red Willow,NE,31,10 - 25
Calhoun,IA,19,10 - 25
Lee,FL,12,100 - 200
Leon,FL,12,100 - 200
McCulloch,TX,48,2 - 5
Coos,NH,33,0 - 10
Buncombe,NC,37,10 - 100
Randolph,AL,1,10 - 25
DeSoto,MS,28,100 - 200
Mora,NM,35,0 - 2
Lane,KS,20,0 - 2
Crawford,PA,42,25 - 50
Warren,IA,19,10 - 100
Greene,MO,29,100 - 200
Manitowoc,WI,55,25 - 50
Jackson,IL,17,25 - 50
Richland,MT,30,0 - 10
Juab,UT,49,0 - 2
Douglas,MO,29,0 - 2
El Paso,CO,8,10 - 100
Ness,KS,20,2 - 5
Meriwether,GA,13,10 - 25
Box Elder,UT,49,2 - 5
Washington,GA,13,10 - 25
Matanuska-Susitna,AK,2,0 - 2
Blackford,IN,18,25 - 50
Kidder,ND,38,0 - 2
Elmore,ID,16,2 - 5
Mineral,MT,30,0 - 2
Mobile,AL,1,10 - 100
Teton,MT,30,0 - 2
Dickey,ND,38,2 - 5
Des Moines,IA,19,25 - 50
St. James,LA,22,25 - 50
Jackson,LA,22,10 - 25
Washington,NY,36,25 - 50
Amador,CA,6,10 - 25
Madison,IN,18,100 - 200
Skagit,WA,53,10 - 25
Marshall,IA,19,25 - 50
La Plata,CO,8,10 - 25
Polk,NC,37,10 - 25
Honolulu,HI,15,10 - 100
Vance,NC,37,10 - 100
Sherman,NE,31,2 - 5
Clark,IL,17,10 - 25
Polk,TX,48,10 - 25
Marlboro,SC,45,10 - 25
Hand,SD,46,0 - 2
Gage,NE,31,10 - 25
Laurens,GA,13,10 - 25
Roane,WV,54,10 - 25
Bullock,AL,1,0 - 10
Pecos,TX,48,0 - 2
Cooke,TX,48,25 - 50
Bristol Bay,AK,2,0 - 2
Jefferson,OH,39,10 - 100
Clinton,IN,18,25 - 50
Alamance,NC,37,100 - 200
Marshall,KS,20,0 - 10
Burlington,NJ,34,200 - 300
Karnes,TX,48,10 - 25
Alcona,MI,26,2 - 5
Hart,GA,13,25 - 50
Lexington,SC,45,100 - 200
Sonoma,CA,6,25 - 50
Hillsborough,NH,33,100 - 200
Mellette,SD,46,0 - 2
Kendall,IL,17,100 - 200
Hodgeman,KS,20,0 - 2
Logan,OH,39,25 - 50
Rio Arriba,NM,35,0 - 2
Cobb,GA,13,400 - 800
Wrangell,AK,2,0 - 2
Burt,NE,31,0 - 10
Loup,NE,31,0 - 2
Okeechobee,FL,12,10 - 25
Perry,MO,29,10 - 25
Bibb,AL,1,10 - 25
Pipestone,MN,27,10 - 25
Dickinson,KS,20,10 - 25
Campbell,VA,51,25 - 50
Wells,IN,18,25 - 50
Lorain,OH,39,100 - 200
Salem,NJ,34,10 - 100
Nelson,VA,51,10 - 25
Carter,KY,21,25 - 50
Leon,TX,48,10 - 25
Mason,IL,17,10 - 25
Kingman,KS,20,0 - 10
Sioux,ND,38,0 - 2
Clayton,GA,13,400 - 500
Humboldt,NV,32,0 - 2
Cleveland,NC,37,10 - 100
Pike,AR,5,0 - 10
McDowell,NC,37,25 - 50
Natrona,WY,56,0 - 10
Miner,SD,46,2 - 5
Breathitt,KY,21,10 - 25
Catawba,NC,37,100 - 200
Effingham,GA,13,25 - 50
Fremont,CO,8,0 - 10
Lavaca,TX,48,10 - 25
Waupaca,WI,55,25 - 50
Wilkes,GA,13,0 - 10
Obion,TN,47,25 - 50
Lynchburg,VA,51,300 - 400
Humphreys,TN,47,10 - 25
McLean,ND,38,2 - 5
Sequoyah,OK,40,10 - 25
Burleson,TX,48,10 - 25
Randolph,GA,13,0 - 10
Jasper,MS,28,10 - 25
Warren,TN,47,25 - 50
Bon Homme,SD,46,0 - 10
Stokes,NC,37,25 - 50
Hamilton,FL,12,10 - 25
Valley,MT,30,0 - 2
Wallowa,OR,41,0 - 2
Upshur,WV,54,25 - 50
Durham,NC,37,100 - 200
Powder River,MT,30,0 - 2
Kit Carson,CO,8,2 - 5
Big Horn,WY,56,0 - 2
Caledonia,VT,50,10 - 25
Tehama,CA,6,0 - 10
White,IL,17,10 - 25
Acadia,LA,22,25 - 50
Mountrail,ND,38,0 - 10
Polk,AR,5,10 - 25
Mathews,VA,51,10 - 25
Garland,AR,5,10 - 100
Moore,NC,37,25 - 50
Ashe,NC,37,10 - 25
Russell,KY,21,10 - 25
Greene,AL,1,0 - 10
Douglas,WA,53,0 - 10
Estill,KY,21,10 - 25
Schleicher,TX,48,0 - 2
McDonough,IL,17,10 - 25
Tooele,UT,49,2 - 5
Lowndes,GA,13,10 - 100
Pine,MN,27,10 - 25
Archuleta,CO,8,2 - 5
Passaic,NJ,34,400 - 800
Union,IN,18,10 - 25
Oglethorpe,GA,13,10 - 25
Harper,OK,40,2 - 5
Converse,WY,56,0 - 2
Orange,VT,50,10 - 25
Fannin,TX,48,10 - 25
Harrison,OH,39,10 - 25
Cameron,TX,48,100 - 200
Schuylkill,PA,42,10 - 100
Freeborn,MN,27,10 - 25
Erie,PA,42,10 - 100
Monroe,TN,47,25 - 50
Middlesex,VA,51,10 - 25
Virginia Beach,VA,51,200 - 300
Wasatch,UT,49,10 - 25
Fulton,AR,5,0 - 10
Pike,IN,18,10 - 25
Montgomery,KS,20,10 - 25
Boone,WV,54,10 - 25
Oceana,MI,26,10 - 25
Grant,AR,5,10 - 25
Covington,AL,1,10 - 25
Issaquena,MS,28,0 - 2
Bethel,AK,2,0 - 2
Norton,VA,51,200 - 300
Keokuk,IA,19,10 - 25
Koochiching,MN,27,2 - 5
Foster,ND,38,2 - 5
Santa Barbara,CA,6,10 - 25
Gregory,SD,46,2 - 5
Pender,NC,37,25 - 50
Warren,MO,29,25 - 50
Shelby,AL,1,100 - 200
Rio Blanco,CO,8,0 - 2
Sandusky,OH,39,10 - 100
Davidson,TN,47,300 - 400
Jefferson,GA,13,10 - 25
Sevier,AR,5,10 - 25
Montgomery,VA,51,10 - 100
Hunt,TX,48,25 - 50
Chesterfield,VA,51,200 - 300
Hall,TX,48,0 - 2
Uinta,WY,56,2 - 5
Ohio,IN,18,25 - 50
Bristol,VA,51,300 - 400
Greene,IN,18,25 - 50
Wilkin,MN,27,0 - 10
Garfield,OK,40,25 - 50
Castro,TX,48,0 - 10
Edwards,KS,20,2 - 5
Minnehaha,SD,46,100 - 200
Gove,KS,20,0 - 2
Miami,KS,20,25 - 50
Baltimore,MD,24,300 - 400
Baltimore,MD,24,100 - 200
Saluda,SC,45,10 - 25
Sauk,WI,55,25 - 50
Clark,IN,18,100 - 200
Frontier,NE,31,0 - 2
Marquette,WI,55,10 - 25
Carter,OK,40,25 - 50
Orange,FL,12,300 - 400
Carroll,MO,29,0 - 10
Lewis,TN,47,10 - 25
Pitkin,CO,8,10 - 25
Newton,AR,5,2 - 5
Collingsworth,TX,48,0 - 2
Searcy,AR,5,0 - 10
Warren,PA,42,10 - 25
Washington,TX,48,25 - 50
Cleveland,AR,5,0 - 10
Piute,UT,49,0 - 2
Yamhill,OR,41,25 - 50
Howard,IA,19,10 - 25
Mercer,MO,29,2 - 5
Dolores,CO,8,0 - 2
Jeff Davis,GA,13,10 - 25
Luzerne,PA,42,100 - 200
Torrance,NM,35,0 - 2
Calhoun,AR,5,2 - 5
Mitchell,IA,19,10 - 25
Rock,NE,31,0 - 2
DeKalb,GA,13,400 - 800
Telfair,GA,13,0 - 10
Wythe,VA,51,10 - 25
Bayfield,WI,55,2 - 5
Lake,SD,46,10 - 25
Schley,GA,13,10 - 25
Yukon-Koyukuk,AK,2,0 - 2
Anderson,TX,48,10 - 25
Marion,OH,39,10 - 100
Tom Green,TX,48,25 - 50
Arkansas,AR,5,10 - 25
Dare,NC,37,10 - 25
Panola,TX,48,10 - 25
Butler,KY,21,10 - 25
Pike,MS,28,25 - 50
Cumberland,NC,37,100 - 200
Cumberland,TN,47,25 - 50
Burnett,WI,55,10 - 25
Garrett,MD,24,10 - 25
Taliaferro,GA,13,2 - 5
Reagan,TX,48,2 - 5
Ferry,WA,53,0 - 2
Claiborne,MS,28,0 - 10
Wirt,WV,54,2 - 5
Somerset,ME,23,0 - 10
Stearns,MN,27,10 - 100
Hampton,VA,51,200 - 300
Brooks,TX,48,2 - 5
Nodaway,MO,29,10 - 25
Christian,IL,17,25 - 50
Calhoun,IL,17,10 - 25
Chambers,AL,1,10 - 25
Macon,GA,13,10 - 25
Randolph,MO,29,10 - 25
Whitley,KY,21,25 - 50
Autauga,AL,1,25 - 50
Bosque,TX,48,0 - 10
Athens,OH,39,25 - 50
Texas,OK,40,0 - 10
Liberty,FL,12,2 - 5
Bryan,GA,13,25 - 50
Haywood,NC,37,25 - 50
Muscogee,GA,13,200 - 300
Harrison,KY,21,10 - 25
Bradford,PA,42,10 - 25
Tillman,OK,40,2 - 5
Fayette,GA,13,200 - 300
Marshall,MN,27,2 - 5
Kleberg,TX,48,10 - 25
Hardin,OH,39,10 - 25
Smyth,VA,51,25 - 50
Missoula,MT,30,10 - 25
Major,OK,40,0 - 10
Randolph,IL,17,25 - 50
Monroe,PA,42,10 - 100
Washington,WI,55,100 - 200
Darke,OH,39,25 - 50
Waller,TX,48,25 - 50
Aleutians West,AK,2,0 - 2
Jackson,MO,29,300 - 400
Rice,MN,27,10 - 100
Oswego,NY,36,25 - 50
Talbot,MD,24,25 - 50
Piscataquis,ME,23,0 - 2
Escambia,AL,1,10 - 25
Glades,FL,12,2 - 5
Lemhi,ID,16,0 - 2
Somerset,MD,24,10 - 25
Rockland,NY,36,300 - 400
York,PA,42,100 - 200
Buckingham,VA,51,0 - 10
Marshall,KY,21,10 - 100
Valencia,NM,35,10 - 25
Wilson,KS,20,0 - 10
Potter,PA,42,0 - 10
Rhea,TN,47,25 - 50
Benton,WA,53,25 - 50
Tallahatchie,MS,28,0 - 10
Hancock,IA,19,10 - 25
Northwest Arctic,AK,2,0 - 2
Leflore,MS,28,25 - 50
Wyoming,WV,54,10 - 25
Nelson,ND,38,2 - 5
Labette,KS,20,10 - 25
Gloucester,NJ,34,200 - 300
Knox,TX,48,2 - 5
Sheridan,WY,56,0 - 10
Pope,AR,5,25 - 50
Hood,TX,48,10 - 100
Monroe,IN,18,10 - 100
Hardin,TN,47,10 - 25
Clinton,KY,21,10 - 25
Cass,IL,17,10 - 25
DeKalb,IN,18,10 - 100
Whatcom,WA,53,10 - 25
Pickaway,OH,39,25 - 50
Pettis,MO,29,25 - 50
Eddy,ND,38,2 - 5
Calhoun,MI,26,10 - 100
Allen,KS,20,10 - 25
Spink,SD,46,2 - 5
Scott,IL,17,10 - 25
Travis,TX,48,300 - 400
Perkins,SD,46,0 - 2
Jefferson,LA,22,200 - 300
Adams,MS,28,25 - 50
Pima,AZ,4,25 - 50
Richland,LA,22,10 - 25
Shelby,TX,48,10 - 25
Harford,MD,24,100 - 200
Adair,IA,19,0 - 10
Lincoln,MO,29,25 - 50
Lincoln,GA,13,10 - 25
Madison,OH,39,25 - 50
Monroe,MO,29,0 - 10
Gates,NC,37,10 - 25
Colorado,TX,48,10 - 25
Richland,ND,38,0 - 10
Kinney,TX,48,0 - 2
Lipscomb,TX,48,2 - 5
Chelan,WA,53,0 - 10
Wayne,UT,49,0 - 2
Bath,KY,21,10 - 25
Allen,OH,39,100 - 200
Atchison,MO,29,0 - 10
Haines,AK,2,0 - 2
Starke,IN,18,25 - 50
Dewey,OK,40,2 - 5
Clarke,MS,28,10 - 25
McMinn,TN,47,25 - 50
Sheridan,ND,38,0 - 2
Richardson,NE,31,0 - 10
Quitman,GA,13,0 - 10
Slope,ND,38,0 - 2
Colonial Heights,VA,51,400 - 800
Sawyer,WI,55,0 - 10
Spotsylvania,VA,51,100 - 200
Amelia,VA,51,10 - 25
Macon,NC,37,25 - 50
Butts,GA,13,10 - 100
McMullen,TX,48,0 - 2
Cuming,NE,31,10 - 25
Fond du Lac,WI,55,10 - 100
Nemaha,NE,31,10 - 25
Henry,GA,13,200 - 300
Terrebonne,LA,22,25 - 50
Park,WY,56,0 - 2
Whiteside,IL,17,25 - 50
Adams,PA,42,10 - 100
Wood,WI,55,10 - 100
Navajo,AZ,4,2 - 5
Otter Tail,MN,27,10 - 25
Boone,AR,5,25 - 50
Presque Isle,MI,26,2 - 5
Cottle,TX,48,0 - 2
Tioga,PA,42,10 - 25
Washoe,NV,32,10 - 25
Swift,MN,27,10 - 25
Sullivan,MO,29,0 - 10
Worth,IA,19,10 - 25
Wayne,PA,42,25 - 50
Runnels,TX,48,0 - 10
Lucas,IA,19,10 - 25
Bartholomew,IN,18,10 - 100
Poinsett,AR,5,10 - 25
Lenawee,MI,26,10 - 100
Chesterfield,SC,45,10 - 25
Upton,TX,48,0 - 2
Hopkins,KY,21,25 - 50
Polk,WI,55,25 - 50
Washakie,WY,56,0 - 2
King and Queen,VA,51,0 - 10
Sterling,TX,48,0 - 2
Suffolk,NY,36,100 - 200
Floyd,VA,51,10 - 25
Midland,TX,48,100 - 200
Columbia,AR,5,10 - 25
Decatur,IA,19,0 - 10
Gallatin,MT,30,10 - 25
Thurston,NE,31,10 - 25
Butler,IA,19,10 - 25
DeKalb,AL,1,25 - 50
Hudspeth,TX,48,0 - 2
Wise,TX,48,25 - 50
Redwood,MN,27,10 - 25
Cortland,NY,36,25 - 50
Wheeler,GA,13,0 - 10
Edmonson,KY,21,10 - 25
Granville,NC,37,25 - 50
Stone,MO,29,25 - 50
Columbiana,OH,39,10 - 100
St. Martin,LA,22,25 - 50
Peach,GA,13,10 - 100
Louisa,VA,51,25 - 50
Webb,TX,48,25 - 50
Alleghany,NC,37,10 - 25
Jefferson,TN,47,10 - 100
McPherson,NE,31,0 - 2
Wagoner,OK,40,10 - 100
Jerauld,SD,46,2 - 5
Carbon,PA,42,10 - 100
Armstrong,TX,48,0 - 2
Rio Grande,CO,8,0 - 10
Conway,AR,5,10 - 25
Franklin,LA,22,10 - 25
St. Helena,LA,22,0 - 10
Camden,NJ,34,400 - 800
Gillespie,TX,48,10 - 25
Meade,KY,21,25 - 50
Summit,OH,39,400 - 500
Portage,OH,39,100 - 200
Union,SC,45,10 - 25
San Juan,UT,49,0 - 2
Brule,SD,46,0 - 10
Milwaukee,WI,55,200 - 300
Champaign,IL,17,10 - 100
Kane,IL,17,300 - 400
Henry,IA,19,25 - 50
Clay,MO,29,200 - 300
Glasscock,TX,48,0 - 2
Daviess,KY,21,10 - 100
Baca,CO,8,0 - 2
Summit,CO,8,10 - 25
Orleans,LA,22,200 - 300
Schuyler,IL,17,0 - 10
Meade,KS,20,2 - 5
Pierce,WA,53,100 - 200
Henry,AL,1,10 - 25
Jefferson,WV,54,10 - 100
Montgomery,AR,5,2 - 5
Harding,SD,46,0 - 2
Quitman,MS,28,0 - 10
LaSalle,LA,22,10 - 25
Kalamazoo,MI,26,100 - 200
Tippah,MS,28,25 - 50
Mason,WA,53,10 - 25
Lewis,WV,54,10 - 25
Crittenden,AR,5,25 - 50
Beaufort,NC,37,10 - 25
Menifee,KY,21,10 - 25
Kittson,MN,27,2 - 5
Custer,MT,30,0 - 2
Wells,ND,38,2 - 5
Plumas,CA,6,0 - 2
Ward,ND,38,10 - 25
Choctaw,MS,28,0 - 10
New Castle,DE,10,300 - 400
Person,NC,37,25 - 50
Jefferson,WA,53,2 - 5
St. Charles,MO,29,200 - 300
Berkeley,WV,54,100 - 200
Dade,GA,13,25 - 50
Chester,PA,42,200 - 300
Haralson,GA,13,25 - 50
Price,WI,55,0 - 10
Jasper,TX,48,10 - 25
Bonneville,ID,16,10 - 25
Beaver,PA,42,100 - 200
Seminole,OK,40,10 - 25
Johnson,KY,21,25 - 50
Bureau,IL,17,10 - 25
Ulster,NY,36,25 - 50
Randolph,AR,5,10 - 25
Victoria,TX,48,10 - 100
Logan,KY,21,10 - 25
Atkinson,GA,13,10 - 25
McNairy,TN,47,10 - 25
Owen,IN,18,10 - 25
Caldwell,TX,48,25 - 50
Barnes,ND,38,2 - 5
Perry,IN,18,10 - 25
Monroe,MS,28,10 - 25
Muskegon,MI,26,10 - 100
Greene,TN,47,25 - 50
Bay,MI,26,10 - 100
Bennett,SD,46,0 - 2
Sabine,LA,22,10 - 25
Alameda,CA,6,200 - 300
Lanier,GA,13,10 - 25
Barbour,AL,1,10 - 25
Northumberland,PA,42,10 - 100
Delaware,OK,40,10 - 25
Scott,MO,29,10 - 100
Menominee,WI,55,2 - 5
Douglas,CO,8,100 - 200
Marion,KY,21,10 - 25
Daggett,UT,49,0 - 2
Clark,WA,53,100 - 200
Saguache,CO,8,0 - 2
Sioux,IA,19,25 - 50
St. Clair,MO,29,0 - 10
Worcester,MD,24,25 - 50
Guernsey,OH,39,25 - 50
Roberts,SD,46,0 - 10
Taylor,KY,21,25 - 50
Houston,AL,1,10 - 100
Madison,TX,48,10 - 25
Randall,TX,48,10 - 100
Heard,GA,13,10 - 25
Hennepin,MN,27,400 - 800
Ohio,KY,21,10 - 25
Henderson,NC,37,10 - 100
Pickens,SC,45,10 - 100
Henderson,IL,17,0 - 10
Ray,MO,29,10 - 25
King,WA,53,100 - 200
Coal,OK,40,0 - 10
Martin,FL,12,10 - 100
McLean,IL,17,10 - 100
De Soto,LA,22,10 - 25
Putnam,IN,18,25 - 50
Seward,NE,31,10 - 25
Fayette,WV,54,10 - 25
Washtenaw,MI,26,100 - 200
Woodford,KY,21,25 - 50
Elmore,AL,1,10 - 100
Nance,NE,31,0 - 10
Avery,NC,37,25 - 50
Fulton,IL,17,10 - 25
Jefferson,IL,17,25 - 50
Tate,MS,28,25 - 50
Hamilton,OH,39,400 - 800
Pratt,KS,20,0 - 10
Gilchrist,FL,12,10 - 25
Fairbanks North Star,AK,2,0 - 10
Cheyenne,CO,8,0 - 2
Bucks,PA,42,300 - 400
Gem,ID,16,0 - 10
Monroe,AR,5,0 - 10
Pembina,ND,38,0 - 10
Beaver,OK,40,0 - 2
Washington,KY,21,10 - 25
Pearl River,MS,28,25 - 50
Brooks,GA,13,10 - 25
Evangeline,LA,22,10 - 25
Clark,AR,5,10 - 25
Franklin,VA,51,25 - 50
Franklin,VA,51,2 - 5
Sullivan,NY,36,25 - 50
Yavapai,AZ,4,0 - 10
Worth,MO,29,2 - 5
Guadalupe,TX,48,100 - 200
Kiowa,KS,20,2 - 5
Wilkinson,MS,28,0 - 10
Jones,MS,28,25 - 50
Conejos,CO,8,2 - 5
Sedgwick,CO,8,2 - 5
Ravalli,MT,30,0 - 10
Chattahoochee,GA,13,10 - 25
Latah,ID,16,0 - 10
Ben Hill,GA,13,25 - 50
Otero,CO,8,0 - 10
Jackson,GA,13,10 - 100
Leavenworth,KS,20,10 - 100
Uintah,UT,49,2 - 5
Hancock,KY,21,10 - 25
Albemarle,VA,51,25 - 50
Deuel,SD,46,0 - 10
Lewis,NY,36,0 - 10
Limestone,TX,48,10 - 25
Ida,IA,19,10 - 25
Yell,AR,5,10 - 25
Franklin,WA,53,10 - 25
Morrow,OR,41,0 - 2
Johnston,NC,37,100 - 200
Newton,TX,48,2 - 5
Galax,VA,51,300 - 400
Henry,IL,17,25 - 50
Beaufort,SC,45,10 - 100
Hancock,WV,54,100 - 200
Hutchinson,TX,48,10 - 25
Noxubee,MS,28,0 - 10
Rock Island,IL,17,100 - 200
Ripley,MO,29,10 - 25
Russell,VA,51,10 - 25
Comanche,OK,40,25 - 50
Queens,NY,36,1000 - 1500
Johnson,WY,56,0 - 2
Charlottesville,VA,51,800 - 1200
Contra Costa,CA,6,200 - 300
Allen,KY,21,10 - 25
Kingfisher,OK,40,10 - 25
Jasper,MO,29,10 - 100
Rappahannock,VA,51,10 - 25
Lafayette,LA,22,400 - 500
Cibola,NM,35,0 - 2
Franklin,MA,25,10 - 25
Broward,FL,12,300 - 400
Pike,OH,39,25 - 50
Franklin,AR,5,10 - 25
Calaveras,CA,6,10 - 25
Dawson,TX,48,0 - 10
Monongalia,WV,54,10 - 100
Placer,CA,6,10 - 100
Gallatin,IL,17,10 - 25
Idaho,ID,16,0 - 2
Benzie,MI,26,10 - 25
Carroll,TN,47,10 - 25
Kent,TX,48,0 - 2
Churchill,NV,32,0 - 2
Kauai,HI,15,10 - 25
Sacramento,CA,6,200 - 300
Trego,KS,20,0 - 2
Golden Valley,ND,38,0 - 2
Sherman,KS,20,2 - 5
Parke,IN,18,10 - 25
St. Louis,MO,29,400 - 800
St. Louis,MO,29,100 - 200
Knox,MO,29,2 - 5
Baxter,AR,5,25 - 50
Garfield,WA,53,0 - 2
Merced,CA,6,25 - 50
Klickitat,WA,53,2 - 5
Kittitas,WA,53,0 - 10
Mitchell,GA,13,10 - 25
Colbert,AL,1,25 - 50
Guadalupe,NM,35,0 - 2
Potter,TX,48,10 - 100
Madison,AR,5,0 - 10
Cochran,TX,48,2 - 5
Stark,OH,39,200 - 300
Androscoggin,ME,23,10 - 100
Logan,NE,31,0 - 2
Curry,NM,35,10 - 25
Laurens,SC,45,25 - 50
Perry,PA,42,25 - 50
St. Francois,MO,29,10 - 100
Jefferson Davis,MS,28,10 - 25
Bowie,TX,48,25 - 50
Duchesne,UT,49,2 - 5
Holmes,FL,12,10 - 25
Dallam,TX,48,2 - 5
Wyoming,PA,42,25 - 50
Santa Fe,NM,35,25 - 50
King George,VA,51,10 - 100
Musselshell,MT,30,0 - 2
Douglas,IL,17,10 - 25
Hancock,IL,17,10 - 25
Divide,ND,38,0 - 2
Polk,MO,29,10 - 25
Thayer,NE,31,0 - 10
Schoharie,NY,36,10 - 25
Breckinridge,KY,21,10 - 25
Jennings,IN,18,25 - 50
Lander,NV,32,0 - 2
Van Buren,AR,5,10 - 25
Ingham,MI,26,200 - 300
Dawes,NE,31,2 - 5
Madison,MO,29,10 - 25
Clinton,PA,42,10 - 25
Valley,ID,16,0 - 2
Washington,KS,20,2 - 5
Daniels,MT,30,0 - 2
Franklin,GA,13,25 - 50
Echols,GA,13,2 - 5
Broome,NY,36,10 - 100
Knox,OH,39,25 - 50
Preston,WV,54,10 - 25
Fayette,TX,48,10 - 25
Kimball,NE,31,0 - 2
Hampshire,WV,54,10 - 25
Custer,SD,46,2 - 5
Coffee,TN,47,25 - 50
Fayette,IN,18,25 - 50
Platte,NE,31,25 - 50
Lafayette,MS,28,25 - 50
Huron,MI,26,10 - 25
Throckmorton,TX,48,0 - 2
Saratoga,NY,36,10 - 100
Cheyenne,KS,20,0 - 2
Brown,WI,55,200 - 300
Winnebago,IA,19,10 - 25
Jackson,KS,20,10 - 25
Chase,KS,20,0 - 2
Wilbarger,TX,48,0 - 10
Dawson,MT,30,2 - 5
Skagway,AK,2,0 - 2
Clay,TN,47,10 - 25
Orange,TX,48,100 - 200
Cross,AR,5,10 - 25
Pasquotank,NC,37,10 - 100
Lawrence,AL,1,10 - 25
Gibson,IN,18,25 - 50
Hanson,SD,46,0 - 10
Montague,TX,48,10 - 25
Adams,IN,18,25 - 50
Schuyler,NY,36,10 - 25
Jackson,SD,46,0 - 2
Jessamine,KY,21,100 - 200
Wheeler,OR,41,0 - 2
Sevier,UT,49,2 - 5
Jefferson,TX,48,10 - 100
Niobrara,WY,56,0 - 2
Clinton,NY,36,25 - 50
Pierce,ND,38,2 - 5
Henry,IN,18,10 - 100
Cleburne,AL,1,10 - 25
Crenshaw,AL,1,10 - 25
Quay,NM,35,0 - 2
Pittsylvania,VA,51,10 - 25
Chaffee,CO,8,0 - 10
Fayette,OH,39,25 - 50
Crockett,TX,48,0 - 2
Carroll,AR,5,10 - 25
McIntosh,GA,13,0 - 10
Plymouth,MA,25,100 - 200
Frederick,MD,24,100 - 200
Thomas,KS,20,0 - 10
Floyd,TX,48,2 - 5
Decatur,GA,13,10 - 25
Jones,GA,13,25 - 50
Harnett,NC,37,10 - 100
Eastland,TX,48,10 - 25
Greeley,KS,20,0 - 2
Yellowstone,MT,30,25 - 50
Steuben,IN,18,10 - 100
Henry,MO,29,10 - 25
Shawano,WI,55,25 - 50
Oregon,MO,29,0 - 10
DeKalb,TN,47,10 - 25
Tipton,IN,18,25 - 50
Letcher,KY,21,25 - 50
Anderson,TN,47,10 - 100
Owsley,KY,21,0 - 2
Rabun,GA,13,10 - 25
Walla Walla,WA,53,10 - 25
Marshall,SD,46,2 - 5
Campbell,WY,56,0 - 10
Logan,IL,17,25 - 50
Clark,MO,29,0 - 10
Sequatchie,TN,47,10 - 25
New Kent,VA,51,25 - 50
Crowley,CO,8,0 - 2
Nemaha,KS,20,10 - 25
Bernalillo,NM,35,100 - 200
Barnstable,MA,25,10 - 100
Reynolds,MO,29,2 - 5
Centre,PA,42,25 - 50
Murray,OK,40,10 - 25
Smith,TN,47,10 - 25
Morgan,WV,54,10 - 25
Hampshire,MA,25,10 - 100
Neosho,KS,20,10 - 25
Grand,CO,8,2 - 5
McHenry,ND,38,0 - 2
Taylor,WI,55,10 - 25
Bedford,TN,47,25 - 50
Montgomery,KY,21,10 - 100
Allamakee,IA,19,10 - 25
Ventura,CA,6,10 - 100
Johnson,GA,13,10 - 25
Wabasha,MN,27,10 - 25
Manassas Park,VA,51,1500 - 2000
Stanislaus,CA,6,10 - 100
Monroe,MI,26,100 - 200
Kaufman,TX,48,10 - 100
Union,OR,41,2 - 5
Wayne,IA,19,0 - 10
Haywood,TN,47,10 - 25
Val Verde,TX,48,0 - 10
Greene,VA,51,25 - 50
Stanton,KS,20,0 - 2
Lake and Peninsula,AK,2,0 - 2
Franklin,KY,21,100 - 200
Jackson,WI,55,10 - 25
Montgomery,NY,36,25 - 50
Walworth,SD,46,0 - 10
Hendricks,IN,18,100 - 200
Columbus,NC,37,10 - 25
Blaine,OK,40,0 - 10
Addison,VT,50,10 - 25
Marquette,MI,26,10 - 25
Gila,AZ,4,2 - 5
Clatsop,OR,41,0 - 10
Williamson,TX,48,100 - 200
Shiawassee,MI,26,10 - 100
Morrow,OH,39,25 - 50
Okmulgee,OK,40,10 - 25
Etowah,AL,1,10 - 100
Pulaski,GA,13,10 - 25
Howard,NE,31,0 - 10
Lamar,AL,1,10 - 25
Hardeman,TN,47,10 - 25
McIntosh,ND,38,0 - 2
Harlan,KY,21,10 - 25
Staunton,VA,51,300 - 400
Lawrence,PA,42,100 - 200
Mecosta,MI,26,25 - 50
Dallas,IA,19,10 - 100
Union,OH,39,25 - 50
Tippecanoe,IN,18,100 - 200
Eaton,MI,26,100 - 200
Forsyth,NC,37,200 - 300
Dunn,ND,38,0 - 2
Hamilton,TN,47,100 - 200
Bennington,VT,50,10 - 25
Richmond,GA,13,100 - 200
Mendocino,CA,6,2 - 5
Butler,NE,31,0 - 10
Knox,IL,17,25 - 50
Adams,OH,39,10 - 25
Rockcastle,KY,21,10 - 25
Mercer,ND,38,0 - 10
Putnam,WV,54,10 - 100
Washington,PA,42,100 - 200
Brazoria,TX,48,10 - 100
Kendall,TX,48,25 - 50
Phillips,KS,20,2 - 5
Clayton,IA,19,10 - 25
Davie,NC,37,10 - 100
Edwards,IL,17,10 - 25
Macon,TN,47,25 - 50
Columbia,PA,42,25 - 50
Monroe,WV,54,10 - 25
Jefferson,OR,41,2 - 5
Lunenburg,VA,51,10 - 25
Barber,KS,20,2 - 5
Douglas,KS,20,10 - 100
Lyon,NV,32,0 - 10
St. Mary,LA,22,10 - 25
Cumberland,NJ,34,10 - 100
Cambria,PA,42,10 - 100
Martin,MN,27,10 - 25
Petroleum,MT,30,0 - 2
LaMoure,ND,38,2 - 5
Guilford,NC,37,200 - 300
Anderson,KS,20,0 - 10
Pulaski,AR,5,200 - 300
Hitchcock,NE,31,2 - 5
Monroe,WI,55,25 - 50
Independence,AR,5,10 - 25
Lawrence,TN,47,25 - 50
De Witt,IL,17,25 - 50
Erie,OH,39,10 - 100
Carroll,IL,17,10 - 25
Broomfield,CO,8,400 - 800
Sanpete,UT,49,0 - 10
Rockdale,GA,13,100 - 200
Midland,MI,26,10 - 100
Linn,KS,20,0 - 10
Calhoun,GA,13,10 - 25
Shelby,OH,39,10 - 100
Macon,IL,17,10 - 100
Franklin,NC,37,25 - 50
Fulton,KY,21,10 - 25
Ramsey,ND,38,0 - 10
Coleman,TX,48,2 - 5
Kings,CA,6,25 - 50
Whitley,IN,18,10 - 100
Fremont,ID,16,2 - 5
Baldwin,GA,13,25 - 50
Tuscarawas,OH,39,10 - 100
Hampton,SC,45,10 - 25
Burke,GA,13,10 - 25
Iowa,IA,19,10 - 25
Emporia,VA,51,200 - 300
Warren,KY,21,10 - 100
Craig,VA,51,2 - 5
Shenandoah,VA,51,25 - 50
Steuben,NY,36,25 - 50
Evans,GA,13,10 - 25
Valdez-Cordova,AK,2,0 - 2
Floyd,IN,18,100 - 200
Leelanau,MI,26,2 - 5
Meagher,MT,30,0 - 2
Oconee,GA,13,10 - 100
Gaston,NC,37,100 - 200
Atlantic,NJ,34,100 - 200
Washington,RI,44,10 - 100
Washington,OK,40,25 - 50
St. Croix,WI,55,10 - 100
Washington,TN,47,100 - 200
Le Sueur,MN,27,25 - 50
Martin,NC,37,10 - 25
Charlotte,FL,12,10 - 100
Lee,MS,28,10 - 100
Hancock,ME,23,0 - 10
Howell,MO,29,10 - 25
Luna,NM,35,2 - 5
Parker,TX,48,10 - 100
Carbon,MT,30,2 - 5
York,ME,23,10 - 100
Emmet,IA,19,10 - 25
Winston,AL,1,10 - 25
Kearney,NE,31,10 - 25
Iron,MO,29,0 - 10
Ascension,LA,22,100 - 200
Stafford,VA,51,100 - 200
Lumpkin,GA,13,25 - 50
Oklahoma,OK,40,400 - 500
Logan,ND,38,0 - 2
Henderson,TN,47,25 - 50
Pulaski,IN,18,25 - 50
El Paso,TX,48,200 - 300
Jackson,OH,39,25 - 50
Greeley,NE,31,2 - 5
Fulton,IN,18,25 - 50
Green Lake,WI,55,25 - 50
Graham,NC,37,10 - 25
Morgan,MO,29,10 - 25
Marion,IN,18,800 - 1200
Rockingham,NC,37,10 - 100
Island,WA,53,25 - 50
Blaine,NE,31,0 - 2
Van Buren,TN,47,0 - 10
Pulaski,IL,17,10 - 25
Monroe,IL,17,10 - 100
Muskingum,OH,39,10 - 100
Juneau,AK,2,0 - 2
Beadle,SD,46,0 - 10
Payette,ID,16,10 - 25
Nevada,AR,5,0 - 10
Marion,IL,17,25 - 50
Pueblo,CO,8,10 - 25
Emmons,ND,38,0 - 2
Dundy,NE,31,0 - 2
Loudon,TN,47,10 - 100
Bedford,VA,51,25 - 50
Irion,TX,48,0 - 2
Carroll,OH,39,25 - 50
Kanawha,WV,54,10 - 100
Garza,TX,48,2 - 5
Alfalfa,OK,40,2 - 5
Crawford,MI,26,10 - 25
Lafayette,FL,12,2 - 5
Riverside,CA,6,10 - 100
Jefferson,AL,1,200 - 300
Colfax,NM,35,0 - 2
Pierce,WI,55,25 - 50
Cabell,WV,54,100 - 200
Judith Basin,MT,30,0 - 2
Scotland,MO,29,0 - 10
Mills,IA,19,10 - 25
Union,KY,21,10 - 25
Park,CO,8,2 - 5
Clark,OH,39,100 - 200
Butler,OH,39,200 - 300
Miami-Dade,FL,12,200 - 300
Burnet,TX,48,10 - 25
Chisago,MN,27,10 - 100
Arlington,VA,51,1000 - 1500
Nassau,NY,36,400 - 800
Montgomery,NC,37,10 - 25
Eau Claire,WI,55,10 - 100
Boundary,ID,16,2 - 5
Clark,ID,16,0 - 2
Emmet,MI,26,10 - 25
Jackson,AL,1,10 - 25
Woodruff,AR,5,0 - 10
Tama,IA,19,10 - 25
Clay,IA,19,10 - 25
Ottawa,OH,39,25 - 50
Tulsa,OK,40,800 - 1200
Tallapoosa,AL,1,25 - 50
Kent,MD,24,10 - 25
Johnson,MO,29,25 - 50
Sandoval,NM,35,10 - 25
Johnson,AR,5,10 - 25
Canyon,ID,16,100 - 200
Lynn,TX,48,2 - 5
Ozark,MO,29,2 - 5
Stanly,NC,37,10 - 100
Izard,AR,5,10 - 25
Crawford,WI,55,10 - 25
Elliott,KY,21,0 - 10
Ramsey,MN,27,800 - 1200
Madison,KY,21,10 - 100
Grafton,NH,33,10 - 25
Foard,TX,48,0 - 2
Waukesha,WI,55,300 - 400
Columbia,FL,12,25 - 50
Washington,NE,31,25 - 50
Richland,IL,17,25 - 50
Whitman,WA,53,2 - 5
Essex,VT,50,2 - 5
Gregg,TX,48,200 - 300
Alexander,IL,17,10 - 25
Sioux,NE,31,0 - 2
Campbell,SD,46,0 - 2
Rush,IN,18,10 - 25
Nicholas,WV,54,10 - 25
Golden Valley,MT,30,0 - 2
Grant,KS,20,0 - 10
Montgomery,MS,28,10 - 25
Marion,AL,1,10 - 25
Dougherty,GA,13,10 - 100
Norfolk,MA,25,400 - 500
Madison,MT,30,0 - 2
Pend Oreille,WA,53,2 - 5
Sanilac,MI,26,10 - 25
Pontotoc,OK,40,25 - 50
Oktibbeha,MS,28,25 - 50
Sevier,TN,47,10 - 100
Houston,GA,13,100 - 200
Kingsbury,SD,46,0 - 10
Tripp,SD,46,2 - 5
Warren,MS,28,25 - 50
Buffalo,SD,46,0 - 2
Champaign,OH,39,25 - 50
Will,IL,17,300 - 400
Albany,WY,56,2 - 5
Cumberland,ME,23,10 - 100
Russell,KS,20,2 - 5
Pierce,NE,31,0 - 10
San Francisco,CA,6,200 - 300
Keya Paha,NE,31,0 - 2
Vanderburgh,IN,18,200 - 300
Jones,IA,19,10 - 25
Wabaunsee,KS,20,2 - 5
Calloway,KY,21,25 - 50
Willacy,TX,48,10 - 25
Ellis,TX,48,10 - 100
Mason,KY,21,25 - 50
Guthrie,IA,19,10 - 25
Cass,MI,26,25 - 50
Shannon,MO,29,2 - 5
Spencer,KY,21,25 - 50
Williams,ND,38,10 - 25
Moniteau,MO,29,10 - 25
Hughes,OK,40,0 - 10
Hubbard,MN,27,10 - 25
Gonzales,TX,48,10 - 25
Sherman,OR,41,0 - 2
Kusilvak,AK,2,0 - 2
Rolette,ND,38,0 - 10
Suffolk,VA,51,10 - 100
Caldwell,MO,29,10 - 25
Jones,NC,37,0 - 10
Defiance,OH,39,10 - 100
Kitsap,WA,53,100 - 200
Orange,IN,18,10 - 25
Jefferson,FL,12,0 - 10
Owen,KY,21,10 - 25
York,SC,45,100 - 200
Bryan,OK,40,10 - 25
McDonald,MO,29,10 - 25
McKinley,NM,35,2 - 5
Florence,WI,55,2 - 5
York,VA,51,10 - 100
Ware,GA,13,10 - 25
Hamilton,IL,17,0 - 10
Jefferson,MT,30,2 - 5
Charles City,VA,51,10 - 25
Macon,MO,29,10 - 25
Lincoln,ME,23,10 - 25
Todd,KY,21,10 - 25
Renville,ND,38,0 - 2
Daviess,MO,29,0 - 10
Coles,IL,17,25 - 50
Kodiak Island,AK,2,0 - 2
Caroline,MD,24,25 - 50
Carlton,MN,27,10 - 25
Scott,IN,18,25 - 50
Clear Creek,CO,8,10 - 25
Pike,AL,1,10 - 25
Tyler,TX,48,0 - 10
Suffolk,MA,25,800 - 1200
Ashtabula,OH,39,25 - 50
Clay,AL,1,10 - 25
Wayne,NC,37,10 - 100
Warren,NY,36,25 - 50
Clallam,WA,53,0 - 10
Livingston,MI,26,200 - 300
Trumbull,OH,39,100 - 200
Monona,IA,19,0 - 10
Lawrence,OH,39,10 - 100
Columbia,NY,36,25 - 50
Hamlin,SD,46,0 - 10
Washington,NC,37,10 - 25
Butte,SD,46,2 - 5
St. Joseph,IN,18,100 - 200
Fulton,GA,13,400 - 500
Ashland,WI,55,2 - 5
Clinton,MI,26,10 - 100
Mason,WV,54,10 - 25
Iron,MI,26,0 - 10
Lewis,WA,53,0 - 10
Sitka,AK,2,0 - 2
Accomack,VA,51,0 - 10
Oneida,NY,36,10 - 100
Chickasaw,IA,19,10 - 25
Hockley,TX,48,10 - 25
Marshall,IN,18,25 - 50
Goshen,WY,56,2 - 5
Livingston,MO,29,10 - 25
Orange,NC,37,10 - 100
Fairfax,VA,51,400 - 800
Fairfax,VA,51,10 - 25
Linn,MO,29,10 - 25
Franklin,TX,48,10 - 25
St. Johns,FL,12,10 - 100
Benewah,ID,16,2 - 5
Pepin,WI,55,10 - 25
Dukes,MA,25,10 - 25
Transylvania,NC,37,10 - 25
Clay,MN,27,25 - 50
Halifax,VA,51,10 - 25
Clackamas,OR,41,10 - 100
Licking,OH,39,10 - 100
Ward,TX,48,10 - 25
Monroe,GA,13,25 - 50
Polk,NE,31,0 - 10
Kerr,TX,48,10 - 25
Washington,AL,1,0 - 10
Carteret,NC,37,10 - 25
Iroquois,IL,17,10 - 25
Garfield,NE,31,2 - 5
Pike,GA,13,25 - 50
Lamar,GA,13,25 - 50
Cocke,TN,47,25 - 50
Bullitt,KY,21,100 - 200
Box Butte,NE,31,0 - 10
Rutherford,NC,37,25 - 50
Harmon,OK,40,2 - 5
Hood River,OR,41,10 - 25
Howard,IN,18,100 - 200
Hillsdale,MI,26,25 - 50
Chickasaw,MS,28,10 - 25
Grant,NM,35,2 - 5
Lake,CO,8,0 - 10
Oconee,SC,45,25 - 50
New Haven,CT,9,200 - 300
San Joaquin,CA,6,100 - 200
Sherburne,MN,27,100 - 200
Grant,SD,46,10 - 25
Buffalo,WI,55,10 - 25
Sampson,NC,37,25 - 50
Clay,WV,54,10 - 25
Dickenson,VA,51,10 - 25
Kewaunee,WI,55,10 - 25
Barron,WI,55,25 - 50
Page,VA,51,25 - 50
Callahan,TX,48,0 - 10
Llano,TX,48,10 - 25
Jackson,MI,26,100 - 200
Larue,KY,21,10 - 25
Madison,FL,12,0 - 10
Teton,WY,56,2 - 5
Venango,PA,42,25 - 50
Dallas,AR,5,0 - 10
Screven,GA,13,0 - 10
McLeod,MN,27,25 - 50
Grant,NE,31,0 - 2
Cameron,PA,42,0 - 10
Gallia,OH,39,25 - 50
Martin,TX,48,0 - 2
Sullivan,TN,47,100 - 200
Wadena,MN,27,10 - 25
Lonoke,AR,5,25 - 50
Lincoln,WY,56,0 - 2
Providence,RI,44,200 - 300
Switzerland,IN,18,10 - 25
Craig,OK,40,0 - 10
Shoshone,ID,16,0 - 2
Minidoka,ID,16,10 - 25
Morgan,UT,49,0 - 10
Carroll,MD,24,100 - 200
Martin,KY,21,10 - 25
Ralls,MO,29,10 - 25
Hamilton,IN,18,300 - 400
Brevard,FL,12,100 - 200
Monroe,NY,36,100 - 200
Forrest,MS,28,10 - 100
Madison,GA,13,25 - 50
Sullivan,IN,18,10 - 25
Greene,AR,5,25 - 50
Hall,NE,31,10 - 100
Saline,NE,31,10 - 25
Atascosa,TX,48,10 - 25
Johnson,NE,31,0 - 10
Osborne,KS,20,2 - 5
Prince William,VA,51,300 - 400
Outagamie,WI,55,100 - 200
Clay,FL,12,100 - 200
Culberson,TX,48,0 - 2
Lake,IL,17,100 - 200
Webster,NE,31,2 - 5
Bamberg,SC,45,10 - 25
Chaves,NM,35,2 - 5
Morris,TX,48,10 - 25
Muskogee,OK,40,25 - 50
Calcasieu,LA,22,10 - 100
Belmont,OH,39,10 - 100
Petersburg,VA,51,300 - 400
Denver,CO,8,1000 - 1500
Grant,IN,18,10 - 100
Richland,WI,55,10 - 25
Bremer,IA,19,25 - 50
Vilas,WI,55,10 - 25
McCook,SD,46,0 - 10
Upshur,TX,48,25 - 50
Elkhart,IN,18,100 - 200
Fayette,AL,1,10 - 25
Briscoe,TX,48,0 - 2
Steele,MN,27,10 - 100
Boyd,KY,21,100 - 200
Story,IA,19,10 - 100
Stephens,TX,48,0 - 10
Scurry,TX,48,10 - 25
Monmouth,NJ,34,200 - 300
Union,NC,37,100 - 200
Hernando,FL,12,100 - 200
Tyrrell,NC,37,2 - 5
Edwards,TX,48,0 - 2
Stevens,MN,27,10 - 25
Donley,TX,48,0 - 2
Crook,OR,41,0 - 2
Taylor,TX,48,10 - 100
Bee,TX,48,10 - 25
Boone,IA,19,25 - 50
Butler,MO,29,25 - 50
Cowlitz,WA,53,10 - 25
Lenoir,NC,37,10 - 100
Pulaski,KY,21,25 - 50
Franklin,MS,28,0 - 10
Clinton,MO,29,25 - 50
Dodge,GA,13,10 - 25
Smith,TX,48,100 - 200
Lincoln,SD,46,10 - 100
Floyd,IA,19,10 - 25
Patrick,VA,51,10 - 25
Oglala Lakota,SD,46,0 - 2
Big Horn,MT,30,0 - 2
Stewart,TN,47,10 - 25
Greenwood,KS,20,2 - 5
Shelby,KY,21,25 - 50
Treutlen,GA,13,10 - 25
Henry,TN,47,10 - 25
Anoka,MN,27,300 - 400
Sierra,CA,6,0 - 2
Gilpin,CO,8,10 - 25
Beauregard,LA,22,10 - 25
Nash,NC,37,10 - 100
Mariposa,CA,6,2 - 5
Routt,CO,8,2 - 5
Lincoln,ID,16,0 - 2
Crawford,IN,18,10 - 25
Lyon,MN,27,10 - 25
Delta,TX,48,0 - 10
Wilcox,GA,13,0 - 10
Mason,TX,48,2 - 5
Limestone,AL,1,10 - 100
Parmer,TX,48,0 - 10
Bladen,NC,37,10 - 25
McCreary,KY,21,10 - 25
Tolland,CT,9,10 - 100
Adams,ID,16,0 - 2
Swain,NC,37,10 - 25
Chester,TN,47,25 - 50
Rowan,KY,21,25 - 50
Jefferson,CO,8,200 - 300
Benton,MN,27,10 - 100
Decatur,IN,18,25 - 50
Lincoln,OK,40,10 - 25
Prowers,CO,8,2 - 5
Cheshire,NH,33,25 - 50
Washington,IL,17,10 - 25
Owyhee,ID,16,0 - 2
Wichita,KS,20,0 - 2
Elk,PA,42,10 - 25
Adams,IA,19,0 - 10
Allegheny,PA,42,400 - 800
Taylor,WV,54,25 - 50
Menominee,MI,26,0 - 10
Simpson,KY,21,25 - 50
Bristol,RI,44,200 - 300
Barrow,GA,13,100 - 200
Lincoln,NM,35,0 - 2
Solano,CA,6,10 - 100
St. Landry,LA,22,25 - 50
Erath,TX,48,10 - 25
Crawford,IA,19,10 - 25
Lyon,IA,19,10 - 25
Logan,AR,5,10 - 25
Calhoun,TX,48,10 - 25
Davis,UT,49,100 - 200
Kiowa,CO,8,0 - 2
Ontonagon,MI,26,0 - 2
Ripley,IN,18,25 - 50
Penobscot,ME,23,10 - 25
Anchorage,AK,2,10 - 100
Jefferson,MS,28,0 - 10
Pershing,NV,32,0 - 2
Nottoway,VA,51,10 - 25
Wood,WV,54,10 - 100
Wayne,MI,26,1000 - 1500
Stevens,WA,53,0 - 10
Poweshiek,IA,19,10 - 25
Warrick,IN,18,10 - 100
Geneva,AL,1,10 - 25
Attala,MS,28,10 - 25
Wayne,NY,36,25 - 50
Liberty,MT,30,0 - 2
Blount,AL,1,25 - 50
Reno,KS,20,10 - 25
Cass,TX,48,10 - 25
Vermillion,IN,18,25 - 50
Montcalm,MI,26,25 - 50
Denali,AK,2,0 - 2
Coffey,KS,20,0 - 10
Rooks,KS,20,2 - 5
Morgan,TN,47,10 - 25
Trigg,KY,21,10 - 25
Bradley,TN,47,100 - 200
Furnas,NE,31,0 - 10
Noble,OH,39,10 - 25
Alpine,CA,6,0 - 2
Cascade,MT,30,10 - 25
Grundy,TN,47,10 - 25
Pierce,GA,13,10 - 25
Grant,KY,21,25 - 50
Cherokee,KS,20,10 - 25
Benton,OR,41,10 - 25
Logan,CO,8,0 - 10
Yakima,WA,53,10 - 25
Laramie,WY,56,10 - 25
Love,OK,40,0 - 10
Clay,NE,31,0 - 10
Umatilla,OR,41,0 - 10
Perquimans,NC,37,10 - 25
Hinsdale,CO,8,0 - 2
Sherman,TX,48,0 - 2
Carter,MT,30,0 - 2
Clark,KS,20,0 - 2
Philadelphia,PA,42,1500 - 2000
Sangamon,IL,17,100 - 200
Brown,SD,46,10 - 25
Howard,MO,29,10 - 25
Marion,TN,47,10 - 25
Anderson,SC,45,10 - 100
Lebanon,PA,42,100 - 200
Steele,ND,38,0 - 2
Jackson,OK,40,10 - 25
Mackinac,MI,26,2 - 5
Essex,MA,25,200 - 300
San Juan,CO,8,0 - 2
Blanco,TX,48,0 - 10
St. Clair,AL,1,10 - 100
Callaway,MO,29,10 - 25
Norton,KS,20,2 - 5
Yuma,AZ,4,10 - 25
Day,SD,46,2 - 5
San Saba,TX,48,2 - 5
Wahkiakum,WA,53,2 - 5
Jasper,SC,45,10 - 25
Clark,SD,46,2 - 5
Wasco,OR,41,2 - 5
Winneshiek,IA,19,10 - 25
Webster,GA,13,2 - 5
Phelps,NE,31,10 - 25
Coosa,AL,1,2 - 5
Hertford,NC,37,10 - 25
Menard,IL,17,25 - 50
Humboldt,CA,6,0 - 10
Saline,MO,29,10 - 25
Hocking,OH,39,10 - 25
Lancaster,VA,51,10 - 25
Manatee,FL,12,100 - 200
Levy,FL,12,10 - 25
Shelby,IN,18,10 - 100
Colleton,SC,45,10 - 25
Aitkin,MN,27,0 - 10
Real,TX,48,2 - 5
Massac,IL,17,25 - 50
Grady,OK,40,25 - 50
Harper,KS,20,2 - 5
Randolph,IN,18,25 - 50
Laurel,KY,21,10 - 100
Allegany,NY,36,10 - 25
George,MS,28,10 - 25
Yancey,NC,37,10 - 25
Wapello,IA,19,25 - 50
Livingston,LA,22,10 - 100
Mitchell,KS,20,0 - 10
Boone,KY,21,100 - 200
Shasta,CA,6,0 - 10
Gilliam,OR,41,0 - 2
Mohave,AZ,4,0 - 10
Lee,IL,17,25 - 50
Falls,TX,48,0 - 10
Wilkinson,GA,13,0 - 10
Thomas,NE,31,0 - 2
Pope,MN,27,10 - 25
Grainger,TN,47,25 - 50
Fauquier,VA,51,25 - 50
Bourbon,KY,21,25 - 50
Bell,TX,48,100 - 200
Washburn,WI,55,10 - 25
Bent,CO,8,0 - 2
Morehouse,LA,22,10 - 25
McClain,OK,40,25 - 50
Tishomingo,MS,28,10 - 25
Culpeper,VA,51,25 - 50
La Crosse,WI,55,100 - 200
Garfield,MT,30,0 - 2
Knox,NE,31,0 - 10
Wood,TX,48,25 - 50
Vinton,OH,39,10 - 25
Rusk,WI,55,0 - 10
Sweetwater,WY,56,0 - 2
El Dorado,CA,6,10 - 25
Burleigh,ND,38,25 - 50
Polk,MN,27,10 - 25
Palo Alto,IA,19,10 - 25
Montgomery,IN,18,25 - 50
Aleutians East,AK,2,0 - 2
Stone,AR,5,0 - 10
Dickens,TX,48,0 - 2
Jefferson,KS,20,10 - 25
Sabine,TX,48,0 - 10
Flathead,MT,30,0 - 10
Pike,PA,42,25 - 50
Moore,TX,48,10 - 25
Mitchell,NC,37,10 - 25
Carroll,NH,33,10 - 25
Summit,UT,49,10 - 25
Clay,NC,37,10 - 25
Manassas,VA,51,1000 - 1500
Adams,CO,8,100 - 200
Coshocton,OH,39,25 - 50
Boone,IN,18,10 - 100
Lincoln,MN,27,0 - 10
Fillmore,MN,27,10 - 25
Spalding,GA,13,100 - 200
Caribou,ID,16,0 - 2
Brown,MN,27,25 - 50
Dawson,NE,31,10 - 25
Carson City,NV,32,10 - 100
Malheur,OR,41,0 - 2
Grand Traverse,MI,26,10 - 100
Houston,TN,47,10 - 25
Lyman,SD,46,0 - 2
Kent,MI,26,300 - 400
Nueces,TX,48,100 - 200
Union,SD,46,10 - 25
Crisp,GA,13,25 - 50
Doddridge,WV,54,0 - 10
Cavalier,ND,38,2 - 5
Hancock,OH,39,10 - 100
Wilkes,NC,37,25 - 50
Bland,VA,51,0 - 10
Roseau,MN,27,0 - 10
Madera,CA,6,10 - 25
Cleburne,AR,5,10 - 25
Greene,IL,17,10 - 25
Tucker,WV,54,0 - 10
Itawamba,MS,28,10 - 25
Le Flore,OK,40,10 - 25
Orleans,VT,50,10 - 25
Caswell,NC,37,10 - 25
Alcorn,MS,28,25 - 50
Curry,OR,41,2 - 5
Saline,IL,17,25 - 50
Halifax,NC,37,25 - 50
Wichita,TX,48,10 - 100
Mecklenburg,VA,51,10 - 25
St. John the Baptist,LA,22,25 - 50
Humboldt,IA,19,10 - 25
Clay,IN,18,25 - 50
Lexington,VA,51,400 - 800
Garden,NE,31,0 - 2
Gilmer,WV,54,0 - 10
Hampden,MA,25,100 - 200
Lauderdale,MS,28,25 - 50
Toole,MT,30,0 - 2
Cayuga,NY,36,25 - 50
Coryell,TX,48,25 - 50
Fall River,SD,46,2 - 5
Burke,ND,38,0 - 2
Nome,AK,2,0 - 2
Kenosha,WI,55,10 - 100
Comal,TX,48,100 - 200
Pasco,FL,12,100 - 200
Clay,SD,46,10 - 25
Portsmouth,VA,51,400 - 500
Pittsburg,OK,40,10 - 25
Terrell,TX,48,0 - 2
Jackson,IN,18,25 - 50
Bottineau,ND,38,2 - 5
Greene,GA,13,10 - 25
Williamson,TN,47,100 - 200
Cole,MO,29,100 - 200
St. Louis,MN,27,10 - 25
Jay,IN,18,10 - 25
Mercer,PA,42,10 - 100
Delaware,PA,42,800 - 1200
Dodge,WI,55,10 - 100
Cook,IL,17,400 - 800
Sarpy,NE,31,300 - 400
Pawnee,NE,31,2 - 5
Orange,VA,51,25 - 50
Lincoln,NE,31,0 - 10
Sumner,TN,47,100 - 200
Payne,OK,40,25 - 50
Mower,MN,27,25 - 50
Appomattox,VA,51,10 - 25
Marion,FL,12,10 - 100
Polk,OR,41,25 - 50
Harrison,MO,29,0 - 10
Kane,UT,49,0 - 2
Cumberland,KY,21,0 - 10
Storey,NV,32,2 - 5
Rowan,NC,37,10 - 100
Putnam,OH,39,10 - 100
Washington,MN,27,200 - 300
Ellis,OK,40,2 - 5
Fremont,WY,56,0 - 2
Anne Arundel,MD,24,300 - 400
Dona Ana,NM,35,10 - 25
Prairie,AR,5,0 - 10
Grundy,MO,29,10 - 25
Southeast Fairbanks,AK,2,0 - 2
Marion,OR,41,10 - 100
Augusta,VA,51,10 - 25
Riley,KS,20,25 - 50
Montgomery,MD,24,300 - 400
Lewis,MO,29,0 - 10
Christian,MO,29,10 - 100
Trempealeau,WI,55,10 - 25
Holmes,OH,39,25 - 50
Deer Lodge,MT,30,0 - 10
Fannin,GA,13,25 - 50
Wayne,GA,13,10 - 25
Smith,MS,28,0 - 10
Caldwell,LA,22,0 - 10
Dyer,TN,47,25 - 50
Indian River,FL,12,10 - 100
Glynn,GA,13,10 - 100
Dixie,FL,12,0 - 10
Frio,TX,48,0 - 10
Shackelford,TX,48,0 - 2
Fairfield,CT,9,200 - 300
Crawford,IL,17,25 - 50
Martinsville,VA,51,300 - 400
West Carroll,LA,22,10 - 25
Chippewa,MN,27,10 - 25
Webster,MO,29,25 - 50
Georgetown,SC,45,25 - 50
Jackson,AR,5,10 - 25
Wayne,WV,54,25 - 50
Alger,MI,26,0 - 2
Glenn,CA,6,0 - 10
Cherry,NE,31,0 - 2
Weakley,TN,47,25 - 50
Sully,SD,46,0 - 2
Denton,TX,48,200 - 300
Kern,CA,6,10 - 25
Brewster,TX,48,0 - 2
Jackson,OR,41,10 - 25
Abbeville,SC,45,10 - 25
Union,IA,19,10 - 25
Traill,ND,38,0 - 10
Grayson,VA,51,10 - 25
Boone,MO,29,10 - 100
Bond,IL,17,10 - 25
Habersham,GA,13,10 - 100
Pike,MO,29,10 - 25
Richland,SC,45,100 - 200
Wheeler,NE,31,0 - 2
Bergen,NJ,34,800 - 1200
Weston,WY,56,0 - 2
Marion,MO,29,25 - 50
Benton,IA,19,10 - 25
Fayette,PA,42,10 - 100
Newton,GA,13,100 - 200
Tioga,NY,36,25 - 50
Bossier,LA,22,10 - 100
Bradford,FL,12,25 - 50
Dunn,WI,55,25 - 50
Panola,MS,28,10 - 25
Mercer,IL,17,10 - 25
Pickens,GA,13,10 - 100
Clarion,PA,42,25 - 50
Douglas,NV,32,10 - 25
Jefferson,IA,19,10 - 25
Citrus,FL,12,10 - 100
McCurtain,OK,40,0 - 10
Wallace,KS,20,0 - 2
Osceola,IA,19,10 - 25
Hamilton,IA,19,10 - 25
Poquoson,VA,51,10 - 100
Ritchie,WV,54,0 - 10
Tyler,WV,54,10 - 25
Mississippi,AR,5,10 - 25
Tuolumne,CA,6,0 - 10
Preble,OH,39,25 - 50
Erie,NY,36,200 - 300
Haskell,KS,20,0 - 10
Saline,KS,20,25 - 50
Warren,NJ,34,10 - 100
Chase,NE,31,2 - 5
Arenac,MI,26,10 - 25
Forest,WI,55,0 - 10
Hardin,IL,17,0 - 10
Jones,SD,46,0 - 2
Clare,MI,26,25 - 50
Cook,GA,13,25 - 50
Sutton,TX,48,0 - 2
Boyd,NE,31,2 - 5
Osage,MO,29,10 - 25
Menard,TX,48,0 - 2
Newton,IN,18,10 - 25
Rankin,MS,28,10 - 100
Gray,TX,48,10 - 25
Wayne,NE,31,10 - 25
Fillmore,NE,31,0 - 10
Kankakee,IL,17,10 - 100
Imperial,CA,6,10 - 25
Washington,ME,23,2 - 5
Greenup,KY,21,25 - 50
Taney,MO,29,25 - 50
Uvalde,TX,48,0 - 10
Warren,NC,37,10 - 25
Windham,CT,9,10 - 100
Bollinger,MO,29,0 - 10
Cherokee,OK,40,10 - 25
Lake,MI,26,0 - 10
Palm Beach,FL,12,100 - 200
Pickens,AL,1,0 - 10
Brown,IN,18,10 - 25
Wibaux,MT,30,0 - 2
Lincoln,OR,41,10 - 25
DeSoto,FL,12,10 - 25
New London,CT,9,10 - 100
Kossuth,IA,19,10 - 25
Iosco,MI,26,0 - 10
Williams,OH,39,25 - 50
Greensville,VA,51,10 - 25
Putnam,FL,12,25 - 50
Colquitt,GA,13,25 - 50
Montgomery,AL,1,100 - 200
Kenton,KY,21,200 - 300
Montmorency,MI,26,10 - 25
Wayne,MS,28,10 - 25
Buchanan,MO,29,10 - 100
Scott,IA,19,100 - 200
Cumberland,PA,42,100 - 200
St. Tammany,LA,22,10 - 100
Bolivar,MS,28,10 - 25
Goliad,TX,48,2 - 5
Gulf,FL,12,0 - 10
Wyandot,OH,39,25 - 50
Lucas,OH,39,300 - 400
Benton,AR,5,100 - 200
Santa Clara,CA,6,100 - 200
Duplin,NC,37,25 - 50
Hamilton,NY,36,0 - 2
Crow Wing,MN,27,25 - 50
Washington,MS,28,25 - 50
Escambia,FL,12,100 - 200
Wilcox,AL,1,0 - 10
San Juan,WA,53,0 - 10
Beaverhead,MT,30,0 - 2
Moultrie,IL,17,10 - 25
Conecuh,AL,1,0 - 10
Hartley,TX,48,0 - 2
LaSalle,IL,17,10 - 100
Los Alamos,NM,35,25 - 50
Granite,MT,30,0 - 2
Grant,ND,38,0 - 2
Douglas,MN,27,25 - 50
Union,LA,22,10 - 25
Kenai Peninsula,AK,2,0 - 2
Walker,AL,1,25 - 50
Wyoming,NY,36,25 - 50
Scott,VA,51,10 - 25
Bexar,TX,48,400 - 800
Custer,OK,40,10 - 25
Wyandotte,KS,20,300 - 400
Marathon,WI,55,25 - 50
Ouray,CO,8,2 - 5
Vernon,LA,22,10 - 25
Delaware,IN,18,100 - 200
Northampton,NC,37,10 - 25
McCracken,KY,21,100 - 200
Winn,LA,22,0 - 10
Red River,TX,48,0 - 10
Montgomery,IA,19,10 - 25
Albany,NY,36,100 - 200
Red Lake,MN,27,0 - 10
Newaygo,MI,26,25 - 50
Ross,OH,39,25 - 50
Sargent,ND,38,2 - 5
Jefferson,PA,42,25 - 50
Murray,GA,13,25 - 50
Matagorda,TX,48,10 - 25
Scott,KY,21,10 - 100
Petersburg,AK,2,0 - 2
Yuma,CO,8,2 - 5
Tattnall,GA,13,10 - 25
White,GA,13,25 - 50
Fulton,OH,39,10 - 100
Grand Forks,ND,38,25 - 50
Oscoda,MI,26,0 - 10
Claiborne,TN,47,25 - 50
Putnam,GA,13,10 - 25
Rockbridge,VA,51,10 - 25
Kiowa,OK,40,2 - 5
Wheatland,MT,30,0 - 2
Childress,TX,48,2 - 5
Montgomery,TX,48,200 - 300
Fluvanna,VA,51,25 - 50
Grant,OR,41,0 - 2
Noble,IN,18,10 - 100
Audubon,IA,19,10 - 25
Crawford,KS,20,25 - 50
Deuel,NE,31,2 - 5
Charles,MD,24,10 - 100
Marshall,AL,1,10 - 100
White,TN,47,25 - 50
Daviess,IN,18,25 - 50
Wood,OH,39,100 - 200
Chatham,NC,37,25 - 50
Watauga,NC,37,25 - 50
Isle of Wight,VA,51,25 - 50
Livingston,KY,21,10 - 25
Westmoreland,PA,42,100 - 200
Plaquemines,LA,22,2 - 5
Iowa,WI,55,10 - 25
Edgecombe,NC,37,25 - 50
Roberts,TX,48,0 - 2
Lewis and Clark,MT,30,0 - 10
Lincoln,WA,53,0 - 2
Nassau,FL,12,25 - 50
Highland,VA,51,0 - 2
Grant,OK,40,2 - 5
Hyde,NC,37,0 - 2
Richmond,NY,36,800 - 1200
Multnomah,OR,41,200 - 300
Henrico,VA,51,300 - 400
Tift,GA,13,10 - 100
Winston,MS,28,10 - 25
Jackson,NC,37,25 - 50
Toombs,GA,13,25 - 50
Oakland,MI,26,800 - 1200
Hartford,CT,9,200 - 300
Kanabec,MN,27,10 - 25
Boone,IL,17,10 - 100
Ashley,AR,5,10 - 25
Comanche,TX,48,0 - 10
Barnwell,SC,45,10 - 25
Dutchess,NY,36,10 - 100
Woodward,OK,40,10 - 25
Bear Lake,ID,16,2 - 5
Emanuel,GA,13,10 - 25
Shelby,IA,19,10 - 25
Waseca,MN,27,25 - 50
Kalkaska,MI,26,10 - 25
Osceola,MI,26,10 - 25
